subj_idx,countNonSoc(No),countSoc(Yes),Yes-No,Yes+No,No_pc,Yes_pc,Soc-NonSoc_pc
100206,1.0,9.0,8.0,10.0,10.0,90.0,80.0
100307,4.0,5.0,1.0,9.0,44.44444444444444,55.55555555555556,11.111111111111114
100408,4.0,5.0,1.0,9.0,44.44444444444444,55.55555555555556,11.111111111111114
100610,5.0,5.0,0.0,10.0,50.0,50.0,0.0
101309,2.0,5.0,3.0,7.0,28.571428571428573,71.42857142857143,42.85714285714286
101410,5.0,5.0,0.0,10.0,50.0,50.0,0.0
101915,4.0,5.0,1.0,9.0,44.44444444444444,55.55555555555556,11.111111111111114
102008,3.0,4.0,1.0,7.0,42.857142857142854,57.142857142857146,14.285714285714292
102311,4.0,5.0,1.0,9.0,44.44444444444444,55.55555555555556,11.111111111111114
102513,1.0,9.0,8.0,10.0,10.0,90.0,80.0
102614,5.0,5.0,0.0,10.0,50.0,50.0,0.0
102715,4.0,6.0,2.0,10.0,40.0,60.0,20.0
103111,2.0,7.0,5.0,9.0,22.22222222222222,77.77777777777777,55.55555555555555
103212,5.0,5.0,0.0,10.0,50.0,50.0,0.0
103414,5.0,5.0,0.0,10.0,50.0,50.0,0.0
103818,3.0,5.0,2.0,8.0,37.5,62.5,25.0
104012,3.0,4.0,1.0,7.0,42.857142857142854,57.142857142857146,14.285714285714292
104416,4.0,4.0,0.0,8.0,50.0,50.0,0.0
104820,4.0,5.0,1.0,9.0,44.44444444444444,55.55555555555556,11.111111111111114
105014,4.0,5.0,1.0,9.0,44.44444444444444,55.55555555555556,11.111111111111114
105115,4.0,6.0,2.0,10.0,40.0,60.0,20.0
105216,5.0,5.0,0.0,10.0,50.0,50.0,0.0
105620,5.0,5.0,0.0,10.0,50.0,50.0,0.0
106016,4.0,5.0,1.0,9.0,44.44444444444444,55.55555555555556,11.111111111111114
106319,4.0,5.0,1.0,9.0,44.44444444444444,55.55555555555556,11.111111111111114
106824,5.0,5.0,0.0,10.0,50.0,50.0,0.0
107018,4.0,5.0,1.0,9.0,44.44444444444444,55.55555555555556,11.111111111111114
107220,4.0,5.0,1.0,9.0,44.44444444444444,55.55555555555556,11.111111111111114
107321,5.0,5.0,0.0,10.0,50.0,50.0,0.0
107422,4.0,5.0,1.0,9.0,44.44444444444444,55.55555555555556,11.111111111111114
108020,4.0,5.0,1.0,9.0,44.44444444444444,55.55555555555556,11.111111111111114
108121,5.0,5.0,0.0,10.0,50.0,50.0,0.0
108323,5.0,4.0,-1.0,9.0,55.55555555555556,44.44444444444444,-11.111111111111114
108828,4.0,5.0,1.0,9.0,44.44444444444444,55.55555555555556,11.111111111111114
109830,3.0,5.0,2.0,8.0,37.5,62.5,25.0
110007,4.0,5.0,1.0,9.0,44.44444444444444,55.55555555555556,11.111111111111114
110411,5.0,5.0,0.0,10.0,50.0,50.0,0.0
111009,5.0,5.0,0.0,10.0,50.0,50.0,0.0
111312,2.0,7.0,5.0,9.0,22.22222222222222,77.77777777777777,55.55555555555555
111514,5.0,5.0,0.0,10.0,50.0,50.0,0.0
111716,5.0,5.0,0.0,10.0,50.0,50.0,0.0
112112,6.0,4.0,-2.0,10.0,60.0,40.0,-20.0
112314,4.0,6.0,2.0,10.0,40.0,60.0,20.0
112516,5.0,5.0,0.0,10.0,50.0,50.0,0.0
112920,5.0,5.0,0.0,10.0,50.0,50.0,0.0
113316,2.0,6.0,4.0,8.0,25.0,75.0,50.0
113619,5.0,4.0,-1.0,9.0,55.55555555555556,44.44444444444444,-11.111111111111114
113922,5.0,5.0,0.0,10.0,50.0,50.0,0.0
114116,5.0,5.0,0.0,10.0,50.0,50.0,0.0
114419,3.0,7.0,4.0,10.0,30.0,70.0,40.0
114621,5.0,5.0,0.0,10.0,50.0,50.0,0.0
114823,4.0,5.0,1.0,9.0,44.44444444444444,55.55555555555556,11.111111111111114
115217,2.0,7.0,5.0,9.0,22.22222222222222,77.77777777777777,55.55555555555555
115825,4.0,4.0,0.0,8.0,50.0,50.0,0.0
116221,5.0,5.0,0.0,10.0,50.0,50.0,0.0
116726,4.0,6.0,2.0,10.0,40.0,60.0,20.0
117021,5.0,5.0,0.0,10.0,50.0,50.0,0.0
117324,5.0,4.0,-1.0,9.0,55.55555555555556,44.44444444444444,-11.111111111111114
117930,5.0,5.0,0.0,10.0,50.0,50.0,0.0
118023,4.0,5.0,1.0,9.0,44.44444444444444,55.55555555555556,11.111111111111114
118124,5.0,4.0,-1.0,9.0,55.55555555555556,44.44444444444444,-11.111111111111114
118225,5.0,5.0,0.0,10.0,50.0,50.0,0.0
118528,0.0,9.0,9.0,9.0,0.0,100.0,100.0
118831,4.0,5.0,1.0,9.0,44.44444444444444,55.55555555555556,11.111111111111114
118932,5.0,5.0,0.0,10.0,50.0,50.0,0.0
119025,4.0,6.0,2.0,10.0,40.0,60.0,20.0
119732,6.0,4.0,-2.0,10.0,60.0,40.0,-20.0
120111,5.0,5.0,0.0,10.0,50.0,50.0,0.0
120212,5.0,5.0,0.0,10.0,50.0,50.0,0.0
120515,5.0,5.0,0.0,10.0,50.0,50.0,0.0
120717,5.0,5.0,0.0,10.0,50.0,50.0,0.0
121921,4.0,5.0,1.0,9.0,44.44444444444444,55.55555555555556,11.111111111111114
122317,4.0,5.0,1.0,9.0,44.44444444444444,55.55555555555556,11.111111111111114
122418,5.0,5.0,0.0,10.0,50.0,50.0,0.0
122822,5.0,5.0,0.0,10.0,50.0,50.0,0.0
123117,5.0,5.0,0.0,10.0,50.0,50.0,0.0
123521,3.0,5.0,2.0,8.0,37.5,62.5,25.0
124220,5.0,5.0,0.0,10.0,50.0,50.0,0.0
124422,3.0,7.0,4.0,10.0,30.0,70.0,40.0
124826,5.0,5.0,0.0,10.0,50.0,50.0,0.0
125222,1.0,7.0,6.0,8.0,12.5,87.5,75.0
126325,5.0,4.0,-1.0,9.0,55.55555555555556,44.44444444444444,-11.111111111111114
126426,5.0,5.0,0.0,10.0,50.0,50.0,0.0
127226,5.0,4.0,-1.0,9.0,55.55555555555556,44.44444444444444,-11.111111111111114
127327,4.0,5.0,1.0,9.0,44.44444444444444,55.55555555555556,11.111111111111114
127630,4.0,6.0,2.0,10.0,40.0,60.0,20.0
127731,4.0,5.0,1.0,9.0,44.44444444444444,55.55555555555556,11.111111111111114
127933,3.0,5.0,2.0,8.0,37.5,62.5,25.0
128026,5.0,5.0,0.0,10.0,50.0,50.0,0.0
128127,5.0,5.0,0.0,10.0,50.0,50.0,0.0
128632,5.0,5.0,0.0,10.0,50.0,50.0,0.0
128935,2.0,6.0,4.0,8.0,25.0,75.0,50.0
129028,3.0,5.0,2.0,8.0,37.5,62.5,25.0
129129,4.0,5.0,1.0,9.0,44.44444444444444,55.55555555555556,11.111111111111114
129331,3.0,5.0,2.0,8.0,37.5,62.5,25.0
129937,5.0,5.0,0.0,10.0,50.0,50.0,0.0
130013,5.0,5.0,0.0,10.0,50.0,50.0,0.0
130114,5.0,5.0,0.0,10.0,50.0,50.0,0.0
130316,4.0,5.0,1.0,9.0,44.44444444444444,55.55555555555556,11.111111111111114
130417,4.0,5.0,1.0,9.0,44.44444444444444,55.55555555555556,11.111111111111114
130518,5.0,5.0,0.0,10.0,50.0,50.0,0.0
131217,5.0,5.0,0.0,10.0,50.0,50.0,0.0
131419,4.0,5.0,1.0,9.0,44.44444444444444,55.55555555555556,11.111111111111114
131722,4.0,5.0,1.0,9.0,44.44444444444444,55.55555555555556,11.111111111111114
131924,5.0,5.0,0.0,10.0,50.0,50.0,0.0
132017,5.0,5.0,0.0,10.0,50.0,50.0,0.0
133019,5.0,4.0,-1.0,9.0,55.55555555555556,44.44444444444444,-11.111111111111114
133625,4.0,5.0,1.0,9.0,44.44444444444444,55.55555555555556,11.111111111111114
133928,6.0,4.0,-2.0,10.0,60.0,40.0,-20.0
134223,5.0,5.0,0.0,10.0,50.0,50.0,0.0
134425,4.0,5.0,1.0,9.0,44.44444444444444,55.55555555555556,11.111111111111114
134627,4.0,5.0,1.0,9.0,44.44444444444444,55.55555555555556,11.111111111111114
134829,4.0,5.0,1.0,9.0,44.44444444444444,55.55555555555556,11.111111111111114
135124,5.0,5.0,0.0,10.0,50.0,50.0,0.0
135528,5.0,5.0,0.0,10.0,50.0,50.0,0.0
135629,4.0,5.0,1.0,9.0,44.44444444444444,55.55555555555556,11.111111111111114
135730,4.0,5.0,1.0,9.0,44.44444444444444,55.55555555555556,11.111111111111114
135932,5.0,4.0,-1.0,9.0,55.55555555555556,44.44444444444444,-11.111111111111114
136126,4.0,5.0,1.0,9.0,44.44444444444444,55.55555555555556,11.111111111111114
136227,3.0,6.0,3.0,9.0,33.333333333333336,66.66666666666667,33.333333333333336
136631,4.0,4.0,0.0,8.0,50.0,50.0,0.0
136732,4.0,5.0,1.0,9.0,44.44444444444444,55.55555555555556,11.111111111111114
136833,5.0,5.0,0.0,10.0,50.0,50.0,0.0
137027,4.0,6.0,2.0,10.0,40.0,60.0,20.0
137128,5.0,5.0,0.0,10.0,50.0,50.0,0.0
137229,5.0,5.0,0.0,10.0,50.0,50.0,0.0
137431,5.0,5.0,0.0,10.0,50.0,50.0,0.0
137633,5.0,5.0,0.0,10.0,50.0,50.0,0.0
138130,5.0,5.0,0.0,10.0,50.0,50.0,0.0
138231,5.0,4.0,-1.0,9.0,55.55555555555556,44.44444444444444,-11.111111111111114
139233,5.0,5.0,0.0,10.0,50.0,50.0,0.0
139435,7.0,3.0,-4.0,10.0,70.0,30.0,-40.0
139839,5.0,5.0,0.0,10.0,50.0,50.0,0.0
140117,4.0,5.0,1.0,9.0,44.44444444444444,55.55555555555556,11.111111111111114
140420,5.0,4.0,-1.0,9.0,55.55555555555556,44.44444444444444,-11.111111111111114
141119,5.0,5.0,0.0,10.0,50.0,50.0,0.0
141422,5.0,5.0,0.0,10.0,50.0,50.0,0.0
142828,5.0,5.0,0.0,10.0,50.0,50.0,0.0
143224,4.0,5.0,1.0,9.0,44.44444444444444,55.55555555555556,11.111111111111114
143325,4.0,5.0,1.0,9.0,44.44444444444444,55.55555555555556,11.111111111111114
143426,4.0,5.0,1.0,9.0,44.44444444444444,55.55555555555556,11.111111111111114
143830,4.0,3.0,-1.0,7.0,57.142857142857146,42.857142857142854,-14.285714285714292
144125,4.0,3.0,-1.0,7.0,57.142857142857146,42.857142857142854,-14.285714285714292
144226,4.0,5.0,1.0,9.0,44.44444444444444,55.55555555555556,11.111111111111114
144428,5.0,5.0,0.0,10.0,50.0,50.0,0.0
144832,6.0,4.0,-2.0,10.0,60.0,40.0,-20.0
144933,5.0,5.0,0.0,10.0,50.0,50.0,0.0
145127,4.0,5.0,1.0,9.0,44.44444444444444,55.55555555555556,11.111111111111114
145632,4.0,5.0,1.0,9.0,44.44444444444444,55.55555555555556,11.111111111111114
145834,5.0,4.0,-1.0,9.0,55.55555555555556,44.44444444444444,-11.111111111111114
146129,4.0,5.0,1.0,9.0,44.44444444444444,55.55555555555556,11.111111111111114
146331,3.0,6.0,3.0,9.0,33.333333333333336,66.66666666666667,33.333333333333336
146432,5.0,5.0,0.0,10.0,50.0,50.0,0.0
146533,5.0,5.0,0.0,10.0,50.0,50.0,0.0
146634,5.0,5.0,0.0,10.0,50.0,50.0,0.0
146735,6.0,4.0,-2.0,10.0,60.0,40.0,-20.0
146937,5.0,5.0,0.0,10.0,50.0,50.0,0.0
147030,4.0,6.0,2.0,10.0,40.0,60.0,20.0
147636,5.0,4.0,-1.0,9.0,55.55555555555556,44.44444444444444,-11.111111111111114
147737,4.0,5.0,1.0,9.0,44.44444444444444,55.55555555555556,11.111111111111114
148032,4.0,5.0,1.0,9.0,44.44444444444444,55.55555555555556,11.111111111111114
148133,5.0,5.0,0.0,10.0,50.0,50.0,0.0
148335,4.0,4.0,0.0,8.0,50.0,50.0,0.0
148436,4.0,6.0,2.0,10.0,40.0,60.0,20.0
148636,4.0,5.0,1.0,9.0,44.44444444444444,55.55555555555556,11.111111111111114
148941,6.0,4.0,-2.0,10.0,60.0,40.0,-20.0
149236,5.0,5.0,0.0,10.0,50.0,50.0,0.0
149741,5.0,5.0,0.0,10.0,50.0,50.0,0.0
149842,3.0,7.0,4.0,10.0,30.0,70.0,40.0
150423,3.0,5.0,2.0,8.0,37.5,62.5,25.0
150625,5.0,5.0,0.0,10.0,50.0,50.0,0.0
150928,4.0,5.0,1.0,9.0,44.44444444444444,55.55555555555556,11.111111111111114
151021,6.0,3.0,-3.0,9.0,66.66666666666667,33.333333333333336,-33.333333333333336
151223,5.0,5.0,0.0,10.0,50.0,50.0,0.0
151324,5.0,5.0,0.0,10.0,50.0,50.0,0.0
151425,5.0,5.0,0.0,10.0,50.0,50.0,0.0
151627,4.0,5.0,1.0,9.0,44.44444444444444,55.55555555555556,11.111111111111114
151728,5.0,5.0,0.0,10.0,50.0,50.0,0.0
151829,2.0,6.0,4.0,8.0,25.0,75.0,50.0
152225,5.0,5.0,0.0,10.0,50.0,50.0,0.0
152427,5.0,5.0,0.0,10.0,50.0,50.0,0.0
152831,5.0,5.0,0.0,10.0,50.0,50.0,0.0
153025,5.0,5.0,0.0,10.0,50.0,50.0,0.0
153126,0.0,8.0,8.0,8.0,0.0,100.0,100.0
153227,4.0,6.0,2.0,10.0,40.0,60.0,20.0
153429,6.0,4.0,-2.0,10.0,60.0,40.0,-20.0
153631,4.0,5.0,1.0,9.0,44.44444444444444,55.55555555555556,11.111111111111114
153732,7.0,3.0,-4.0,10.0,70.0,30.0,-40.0
153833,3.0,4.0,1.0,7.0,42.857142857142854,57.142857142857146,14.285714285714292
154229,5.0,5.0,0.0,10.0,50.0,50.0,0.0
154330,5.0,5.0,0.0,10.0,50.0,50.0,0.0
154431,4.0,5.0,1.0,9.0,44.44444444444444,55.55555555555556,11.111111111111114
154734,5.0,5.0,0.0,10.0,50.0,50.0,0.0
154835,5.0,4.0,-1.0,9.0,55.55555555555556,44.44444444444444,-11.111111111111114
155231,5.0,5.0,0.0,10.0,50.0,50.0,0.0
155635,5.0,5.0,0.0,10.0,50.0,50.0,0.0
155938,3.0,5.0,2.0,8.0,37.5,62.5,25.0
156031,5.0,5.0,0.0,10.0,50.0,50.0,0.0
156233,7.0,3.0,-4.0,10.0,70.0,30.0,-40.0
156334,4.0,5.0,1.0,9.0,44.44444444444444,55.55555555555556,11.111111111111114
156435,4.0,5.0,1.0,9.0,44.44444444444444,55.55555555555556,11.111111111111114
156536,5.0,5.0,0.0,10.0,50.0,50.0,0.0
156627,3.0,5.0,2.0,8.0,37.5,62.5,25.0
157336,5.0,5.0,0.0,10.0,50.0,50.0,0.0
157437,5.0,4.0,-1.0,9.0,55.55555555555556,44.44444444444444,-11.111111111111114
157942,3.0,5.0,2.0,8.0,37.5,62.5,25.0
158035,5.0,5.0,0.0,10.0,50.0,50.0,0.0
158136,4.0,5.0,1.0,9.0,44.44444444444444,55.55555555555556,11.111111111111114
158338,4.0,5.0,1.0,9.0,44.44444444444444,55.55555555555556,11.111111111111114
158540,5.0,5.0,0.0,10.0,50.0,50.0,0.0
159138,5.0,5.0,0.0,10.0,50.0,50.0,0.0
159239,2.0,5.0,3.0,7.0,28.571428571428573,71.42857142857143,42.85714285714286
159340,5.0,5.0,0.0,10.0,50.0,50.0,0.0
159441,4.0,6.0,2.0,10.0,40.0,60.0,20.0
159744,5.0,5.0,0.0,10.0,50.0,50.0,0.0
159946,5.0,5.0,0.0,10.0,50.0,50.0,0.0
160729,6.0,4.0,-2.0,10.0,60.0,40.0,-20.0
160830,5.0,5.0,0.0,10.0,50.0,50.0,0.0
161327,5.0,5.0,0.0,10.0,50.0,50.0,0.0
161630,5.0,5.0,0.0,10.0,50.0,50.0,0.0
161731,5.0,5.0,0.0,10.0,50.0,50.0,0.0
161832,3.0,5.0,2.0,8.0,37.5,62.5,25.0
162026,4.0,5.0,1.0,9.0,44.44444444444444,55.55555555555556,11.111111111111114
162228,4.0,5.0,1.0,9.0,44.44444444444444,55.55555555555556,11.111111111111114
162329,5.0,4.0,-1.0,9.0,55.55555555555556,44.44444444444444,-11.111111111111114
162733,5.0,4.0,-1.0,9.0,55.55555555555556,44.44444444444444,-11.111111111111114
162935,4.0,5.0,1.0,9.0,44.44444444444444,55.55555555555556,11.111111111111114
163129,5.0,5.0,0.0,10.0,50.0,50.0,0.0
163432,5.0,5.0,0.0,10.0,50.0,50.0,0.0
163836,3.0,4.0,1.0,7.0,42.857142857142854,57.142857142857146,14.285714285714292
164030,5.0,5.0,0.0,10.0,50.0,50.0,0.0
164131,4.0,6.0,2.0,10.0,40.0,60.0,20.0
164939,2.0,7.0,5.0,9.0,22.22222222222222,77.77777777777777,55.55555555555555
165032,4.0,5.0,1.0,9.0,44.44444444444444,55.55555555555556,11.111111111111114
165436,4.0,5.0,1.0,9.0,44.44444444444444,55.55555555555556,11.111111111111114
165638,5.0,5.0,0.0,10.0,50.0,50.0,0.0
165840,4.0,5.0,1.0,9.0,44.44444444444444,55.55555555555556,11.111111111111114
165941,2.0,5.0,3.0,7.0,28.571428571428573,71.42857142857143,42.85714285714286
166438,5.0,5.0,0.0,10.0,50.0,50.0,0.0
167036,3.0,6.0,3.0,9.0,33.333333333333336,66.66666666666667,33.333333333333336
167238,5.0,5.0,0.0,10.0,50.0,50.0,0.0
167743,3.0,6.0,3.0,9.0,33.333333333333336,66.66666666666667,33.333333333333336
168240,4.0,5.0,1.0,9.0,44.44444444444444,55.55555555555556,11.111111111111114
168745,5.0,5.0,0.0,10.0,50.0,50.0,0.0
168947,5.0,5.0,0.0,10.0,50.0,50.0,0.0
169040,4.0,5.0,1.0,9.0,44.44444444444444,55.55555555555556,11.111111111111114
169343,3.0,4.0,1.0,7.0,42.857142857142854,57.142857142857146,14.285714285714292
169444,5.0,5.0,0.0,10.0,50.0,50.0,0.0
169545,5.0,5.0,0.0,10.0,50.0,50.0,0.0
169747,4.0,5.0,1.0,9.0,44.44444444444444,55.55555555555556,11.111111111111114
169949,5.0,5.0,0.0,10.0,50.0,50.0,0.0
170631,5.0,5.0,0.0,10.0,50.0,50.0,0.0
170934,3.0,4.0,1.0,7.0,42.857142857142854,57.142857142857146,14.285714285714292
171532,5.0,4.0,-1.0,9.0,55.55555555555556,44.44444444444444,-11.111111111111114
171633,5.0,3.0,-2.0,8.0,62.5,37.5,-25.0
171734,5.0,5.0,0.0,10.0,50.0,50.0,0.0
172130,3.0,6.0,3.0,9.0,33.333333333333336,66.66666666666667,33.333333333333336
172332,5.0,5.0,0.0,10.0,50.0,50.0,0.0
172433,5.0,5.0,0.0,10.0,50.0,50.0,0.0
172534,5.0,4.0,-1.0,9.0,55.55555555555556,44.44444444444444,-11.111111111111114
172635,3.0,5.0,2.0,8.0,37.5,62.5,25.0
173435,4.0,6.0,2.0,10.0,40.0,60.0,20.0
173536,4.0,5.0,1.0,9.0,44.44444444444444,55.55555555555556,11.111111111111114
173637,4.0,5.0,1.0,9.0,44.44444444444444,55.55555555555556,11.111111111111114
173839,2.0,5.0,3.0,7.0,28.571428571428573,71.42857142857143,42.85714285714286
173940,4.0,5.0,1.0,9.0,44.44444444444444,55.55555555555556,11.111111111111114
174437,4.0,5.0,1.0,9.0,44.44444444444444,55.55555555555556,11.111111111111114
174841,5.0,5.0,0.0,10.0,50.0,50.0,0.0
175136,5.0,5.0,0.0,10.0,50.0,50.0,0.0
175237,5.0,5.0,0.0,10.0,50.0,50.0,0.0
175742,4.0,6.0,2.0,10.0,40.0,60.0,20.0
176037,4.0,4.0,0.0,8.0,50.0,50.0,0.0
176239,5.0,5.0,0.0,10.0,50.0,50.0,0.0
176441,5.0,5.0,0.0,10.0,50.0,50.0,0.0
176542,5.0,3.0,-2.0,8.0,62.5,37.5,-25.0
176744,5.0,5.0,0.0,10.0,50.0,50.0,0.0
176845,5.0,5.0,0.0,10.0,50.0,50.0,0.0
177140,1.0,6.0,5.0,7.0,14.285714285714286,85.71428571428571,71.42857142857142
177241,5.0,5.0,0.0,10.0,50.0,50.0,0.0
177645,5.0,5.0,0.0,10.0,50.0,50.0,0.0
177746,5.0,5.0,0.0,10.0,50.0,50.0,0.0
178142,5.0,5.0,0.0,10.0,50.0,50.0,0.0
178243,4.0,4.0,0.0,8.0,50.0,50.0,0.0
178647,5.0,5.0,0.0,10.0,50.0,50.0,0.0
178748,3.0,5.0,2.0,8.0,37.5,62.5,25.0
178849,4.0,6.0,2.0,10.0,40.0,60.0,20.0
178950,5.0,5.0,0.0,10.0,50.0,50.0,0.0
179245,6.0,3.0,-3.0,9.0,66.66666666666667,33.333333333333336,-33.333333333333336
179548,6.0,4.0,-2.0,10.0,60.0,40.0,-20.0
180129,1.0,5.0,4.0,6.0,16.666666666666668,83.33333333333333,66.66666666666666
180230,4.0,6.0,2.0,10.0,40.0,60.0,20.0
180432,3.0,6.0,3.0,9.0,33.333333333333336,66.66666666666667,33.333333333333336
180533,3.0,5.0,2.0,8.0,37.5,62.5,25.0
180735,4.0,5.0,1.0,9.0,44.44444444444444,55.55555555555556,11.111111111111114
180836,5.0,4.0,-1.0,9.0,55.55555555555556,44.44444444444444,-11.111111111111114
180937,5.0,5.0,0.0,10.0,50.0,50.0,0.0
182032,5.0,5.0,0.0,10.0,50.0,50.0,0.0
182436,3.0,5.0,2.0,8.0,37.5,62.5,25.0
182739,3.0,7.0,4.0,10.0,30.0,70.0,40.0
183034,5.0,5.0,0.0,10.0,50.0,50.0,0.0
183741,4.0,6.0,2.0,10.0,40.0,60.0,20.0
185038,5.0,5.0,0.0,10.0,50.0,50.0,0.0
185341,5.0,5.0,0.0,10.0,50.0,50.0,0.0
185442,5.0,5.0,0.0,10.0,50.0,50.0,0.0
185947,4.0,5.0,1.0,9.0,44.44444444444444,55.55555555555556,11.111111111111114
186040,5.0,5.0,0.0,10.0,50.0,50.0,0.0
186141,2.0,5.0,3.0,7.0,28.571428571428573,71.42857142857143,42.85714285714286
186444,4.0,5.0,1.0,9.0,44.44444444444444,55.55555555555556,11.111111111111114
186949,4.0,4.0,0.0,8.0,50.0,50.0,0.0
187143,4.0,5.0,1.0,9.0,44.44444444444444,55.55555555555556,11.111111111111114
187547,4.0,4.0,0.0,8.0,50.0,50.0,0.0
187850,6.0,4.0,-2.0,10.0,60.0,40.0,-20.0
188347,5.0,4.0,-1.0,9.0,55.55555555555556,44.44444444444444,-11.111111111111114
188448,5.0,5.0,0.0,10.0,50.0,50.0,0.0
188549,5.0,5.0,0.0,10.0,50.0,50.0,0.0
188751,5.0,5.0,0.0,10.0,50.0,50.0,0.0
189450,6.0,4.0,-2.0,10.0,60.0,40.0,-20.0
189652,3.0,6.0,3.0,9.0,33.333333333333336,66.66666666666667,33.333333333333336
191033,5.0,5.0,0.0,10.0,50.0,50.0,0.0
191336,5.0,5.0,0.0,10.0,50.0,50.0,0.0
191437,5.0,5.0,0.0,10.0,50.0,50.0,0.0
191942,5.0,5.0,0.0,10.0,50.0,50.0,0.0
192035,5.0,4.0,-1.0,9.0,55.55555555555556,44.44444444444444,-11.111111111111114
192237,4.0,5.0,1.0,9.0,44.44444444444444,55.55555555555556,11.111111111111114
192540,5.0,5.0,0.0,10.0,50.0,50.0,0.0
192641,4.0,6.0,2.0,10.0,40.0,60.0,20.0
192843,4.0,6.0,2.0,10.0,40.0,60.0,20.0
193239,5.0,5.0,0.0,10.0,50.0,50.0,0.0
193845,5.0,5.0,0.0,10.0,50.0,50.0,0.0
194140,4.0,5.0,1.0,9.0,44.44444444444444,55.55555555555556,11.111111111111114
194443,6.0,4.0,-2.0,10.0,60.0,40.0,-20.0
194645,4.0,4.0,0.0,8.0,50.0,50.0,0.0
194746,4.0,5.0,1.0,9.0,44.44444444444444,55.55555555555556,11.111111111111114
194847,5.0,5.0,0.0,10.0,50.0,50.0,0.0
195041,5.0,5.0,0.0,10.0,50.0,50.0,0.0
195647,3.0,5.0,2.0,8.0,37.5,62.5,25.0
195849,5.0,5.0,0.0,10.0,50.0,50.0,0.0
196144,4.0,3.0,-1.0,7.0,57.142857142857146,42.857142857142854,-14.285714285714292
196346,4.0,5.0,1.0,9.0,44.44444444444444,55.55555555555556,11.111111111111114
196750,6.0,4.0,-2.0,10.0,60.0,40.0,-20.0
196851,7.0,3.0,-4.0,10.0,70.0,30.0,-40.0
196952,5.0,5.0,0.0,10.0,50.0,50.0,0.0
197348,5.0,4.0,-1.0,9.0,55.55555555555556,44.44444444444444,-11.111111111111114
197550,3.0,5.0,2.0,8.0,37.5,62.5,25.0
197651,5.0,5.0,0.0,10.0,50.0,50.0,0.0
198047,5.0,5.0,0.0,10.0,50.0,50.0,0.0
198249,5.0,5.0,0.0,10.0,50.0,50.0,0.0
198350,3.0,6.0,3.0,9.0,33.333333333333336,66.66666666666667,33.333333333333336
198451,4.0,5.0,1.0,9.0,44.44444444444444,55.55555555555556,11.111111111111114
198653,2.0,5.0,3.0,7.0,28.571428571428573,71.42857142857143,42.85714285714286
198855,3.0,6.0,3.0,9.0,33.333333333333336,66.66666666666667,33.333333333333336
199251,5.0,4.0,-1.0,9.0,55.55555555555556,44.44444444444444,-11.111111111111114
199352,5.0,5.0,0.0,10.0,50.0,50.0,0.0
199453,5.0,5.0,0.0,10.0,50.0,50.0,0.0
199655,4.0,5.0,1.0,9.0,44.44444444444444,55.55555555555556,11.111111111111114
199958,3.0,5.0,2.0,8.0,37.5,62.5,25.0
200008,5.0,5.0,0.0,10.0,50.0,50.0,0.0
200109,5.0,3.0,-2.0,8.0,62.5,37.5,-25.0
200210,5.0,5.0,0.0,10.0,50.0,50.0,0.0
200311,4.0,6.0,2.0,10.0,40.0,60.0,20.0
200513,5.0,5.0,0.0,10.0,50.0,50.0,0.0
200614,5.0,5.0,0.0,10.0,50.0,50.0,0.0
200917,6.0,4.0,-2.0,10.0,60.0,40.0,-20.0
201111,4.0,5.0,1.0,9.0,44.44444444444444,55.55555555555556,11.111111111111114
201414,4.0,5.0,1.0,9.0,44.44444444444444,55.55555555555556,11.111111111111114
201515,2.0,6.0,4.0,8.0,25.0,75.0,50.0
201818,4.0,5.0,1.0,9.0,44.44444444444444,55.55555555555556,11.111111111111114
202113,6.0,4.0,-2.0,10.0,60.0,40.0,-20.0
202719,3.0,5.0,2.0,8.0,37.5,62.5,25.0
202820,4.0,4.0,0.0,8.0,50.0,50.0,0.0
203418,5.0,5.0,0.0,10.0,50.0,50.0,0.0
203923,5.0,4.0,-1.0,9.0,55.55555555555556,44.44444444444444,-11.111111111111114
204016,5.0,5.0,0.0,10.0,50.0,50.0,0.0
204218,7.0,3.0,-4.0,10.0,70.0,30.0,-40.0
204319,5.0,5.0,0.0,10.0,50.0,50.0,0.0
204521,3.0,7.0,4.0,10.0,30.0,70.0,40.0
204622,5.0,4.0,-1.0,9.0,55.55555555555556,44.44444444444444,-11.111111111111114
205119,3.0,5.0,2.0,8.0,37.5,62.5,25.0
205220,5.0,5.0,0.0,10.0,50.0,50.0,0.0
205725,4.0,5.0,1.0,9.0,44.44444444444444,55.55555555555556,11.111111111111114
205826,4.0,5.0,1.0,9.0,44.44444444444444,55.55555555555556,11.111111111111114
206222,5.0,5.0,0.0,10.0,50.0,50.0,0.0
206323,4.0,5.0,1.0,9.0,44.44444444444444,55.55555555555556,11.111111111111114
206525,5.0,5.0,0.0,10.0,50.0,50.0,0.0
206727,5.0,5.0,0.0,10.0,50.0,50.0,0.0
206828,5.0,5.0,0.0,10.0,50.0,50.0,0.0
206929,5.0,5.0,0.0,10.0,50.0,50.0,0.0
207123,5.0,5.0,0.0,10.0,50.0,50.0,0.0
207426,5.0,5.0,0.0,10.0,50.0,50.0,0.0
208024,4.0,3.0,-1.0,7.0,57.142857142857146,42.857142857142854,-14.285714285714292
208125,4.0,5.0,1.0,9.0,44.44444444444444,55.55555555555556,11.111111111111114
208327,4.0,5.0,1.0,9.0,44.44444444444444,55.55555555555556,11.111111111111114
208428,6.0,4.0,-2.0,10.0,60.0,40.0,-20.0
208630,3.0,7.0,4.0,10.0,30.0,70.0,40.0
209127,6.0,4.0,-2.0,10.0,60.0,40.0,-20.0
209228,4.0,4.0,0.0,8.0,50.0,50.0,0.0
209329,5.0,5.0,0.0,10.0,50.0,50.0,0.0
209834,5.0,5.0,0.0,10.0,50.0,50.0,0.0
209935,5.0,4.0,-1.0,9.0,55.55555555555556,44.44444444444444,-11.111111111111114
210011,5.0,5.0,0.0,10.0,50.0,50.0,0.0
210112,5.0,5.0,0.0,10.0,50.0,50.0,0.0
210415,4.0,4.0,0.0,8.0,50.0,50.0,0.0
210617,4.0,6.0,2.0,10.0,40.0,60.0,20.0
211114,3.0,6.0,3.0,9.0,33.333333333333336,66.66666666666667,33.333333333333336
211316,3.0,6.0,3.0,9.0,33.333333333333336,66.66666666666667,33.333333333333336
211417,4.0,6.0,2.0,10.0,40.0,60.0,20.0
211821,5.0,5.0,0.0,10.0,50.0,50.0,0.0
211922,5.0,5.0,0.0,10.0,50.0,50.0,0.0
212116,5.0,5.0,0.0,10.0,50.0,50.0,0.0
212318,4.0,5.0,1.0,9.0,44.44444444444444,55.55555555555556,11.111111111111114
212419,5.0,5.0,0.0,10.0,50.0,50.0,0.0
212823,5.0,5.0,0.0,10.0,50.0,50.0,0.0
213017,4.0,5.0,1.0,9.0,44.44444444444444,55.55555555555556,11.111111111111114
213421,3.0,5.0,2.0,8.0,37.5,62.5,25.0
214423,4.0,5.0,1.0,9.0,44.44444444444444,55.55555555555556,11.111111111111114
214625,5.0,5.0,0.0,10.0,50.0,50.0,0.0
214726,5.0,5.0,0.0,10.0,50.0,50.0,0.0
217126,5.0,5.0,0.0,10.0,50.0,50.0,0.0
217429,4.0,5.0,1.0,9.0,44.44444444444444,55.55555555555556,11.111111111111114
219231,4.0,5.0,1.0,9.0,44.44444444444444,55.55555555555556,11.111111111111114
220721,4.0,6.0,2.0,10.0,40.0,60.0,20.0
223929,4.0,5.0,1.0,9.0,44.44444444444444,55.55555555555556,11.111111111111114
227533,3.0,5.0,2.0,8.0,37.5,62.5,25.0
228434,5.0,5.0,0.0,10.0,50.0,50.0,0.0
231928,5.0,5.0,0.0,10.0,50.0,50.0,0.0
236130,5.0,5.0,0.0,10.0,50.0,50.0,0.0
237334,2.0,5.0,3.0,7.0,28.571428571428573,71.42857142857143,42.85714285714286
238033,5.0,5.0,0.0,10.0,50.0,50.0,0.0
239136,6.0,4.0,-2.0,10.0,60.0,40.0,-20.0
239944,5.0,5.0,0.0,10.0,50.0,50.0,0.0
245333,5.0,5.0,0.0,10.0,50.0,50.0,0.0
246133,5.0,5.0,0.0,10.0,50.0,50.0,0.0
248238,6.0,4.0,-2.0,10.0,60.0,40.0,-20.0
248339,5.0,4.0,-1.0,9.0,55.55555555555556,44.44444444444444,-11.111111111111114
249947,4.0,5.0,1.0,9.0,44.44444444444444,55.55555555555556,11.111111111111114
250427,2.0,6.0,4.0,8.0,25.0,75.0,50.0
250932,5.0,4.0,-1.0,9.0,55.55555555555556,44.44444444444444,-11.111111111111114
251833,4.0,6.0,2.0,10.0,40.0,60.0,20.0
255639,4.0,5.0,1.0,9.0,44.44444444444444,55.55555555555556,11.111111111111114
255740,5.0,5.0,0.0,10.0,50.0,50.0,0.0
256540,4.0,4.0,0.0,8.0,50.0,50.0,0.0
257542,4.0,5.0,1.0,9.0,44.44444444444444,55.55555555555556,11.111111111111114
257946,4.0,6.0,2.0,10.0,40.0,60.0,20.0
263436,4.0,6.0,2.0,10.0,40.0,60.0,20.0
268749,5.0,5.0,0.0,10.0,50.0,50.0,0.0
268850,5.0,4.0,-1.0,9.0,55.55555555555556,44.44444444444444,-11.111111111111114
270332,3.0,5.0,2.0,8.0,37.5,62.5,25.0
274542,5.0,5.0,0.0,10.0,50.0,50.0,0.0
275645,5.0,5.0,0.0,10.0,50.0,50.0,0.0
280941,5.0,5.0,0.0,10.0,50.0,50.0,0.0
281135,5.0,4.0,-1.0,9.0,55.55555555555556,44.44444444444444,-11.111111111111114
283543,5.0,5.0,0.0,10.0,50.0,50.0,0.0
286347,4.0,5.0,1.0,9.0,44.44444444444444,55.55555555555556,11.111111111111114
286650,6.0,4.0,-2.0,10.0,60.0,40.0,-20.0
290136,5.0,5.0,0.0,10.0,50.0,50.0,0.0
293748,5.0,5.0,0.0,10.0,50.0,50.0,0.0
295146,5.0,4.0,-1.0,9.0,55.55555555555556,44.44444444444444,-11.111111111111114
297655,5.0,5.0,0.0,10.0,50.0,50.0,0.0
298051,5.0,5.0,0.0,10.0,50.0,50.0,0.0
298455,4.0,5.0,1.0,9.0,44.44444444444444,55.55555555555556,11.111111111111114
299154,5.0,4.0,-1.0,9.0,55.55555555555556,44.44444444444444,-11.111111111111114
299760,5.0,5.0,0.0,10.0,50.0,50.0,0.0
300719,4.0,6.0,2.0,10.0,40.0,60.0,20.0
303119,4.0,4.0,0.0,8.0,50.0,50.0,0.0
303624,5.0,5.0,0.0,10.0,50.0,50.0,0.0
304020,3.0,7.0,4.0,10.0,30.0,70.0,40.0
304727,6.0,4.0,-2.0,10.0,60.0,40.0,-20.0
305830,5.0,5.0,0.0,10.0,50.0,50.0,0.0
307127,3.0,5.0,2.0,8.0,37.5,62.5,25.0
308331,5.0,5.0,0.0,10.0,50.0,50.0,0.0
309636,5.0,5.0,0.0,10.0,50.0,50.0,0.0
310621,3.0,5.0,2.0,8.0,37.5,62.5,25.0
316633,5.0,5.0,0.0,10.0,50.0,50.0,0.0
316835,5.0,5.0,0.0,10.0,50.0,50.0,0.0
321323,4.0,4.0,0.0,8.0,50.0,50.0,0.0
322224,5.0,5.0,0.0,10.0,50.0,50.0,0.0
325129,4.0,5.0,1.0,9.0,44.44444444444444,55.55555555555556,11.111111111111114
329844,5.0,5.0,0.0,10.0,50.0,50.0,0.0
330324,5.0,5.0,0.0,10.0,50.0,50.0,0.0
333330,5.0,5.0,0.0,10.0,50.0,50.0,0.0
336841,4.0,5.0,1.0,9.0,44.44444444444444,55.55555555555556,11.111111111111114
339847,4.0,5.0,1.0,9.0,44.44444444444444,55.55555555555556,11.111111111111114
346137,5.0,5.0,0.0,10.0,50.0,50.0,0.0
346945,6.0,3.0,-3.0,9.0,66.66666666666667,33.333333333333336,-33.333333333333336
348545,5.0,5.0,0.0,10.0,50.0,50.0,0.0
349244,4.0,5.0,1.0,9.0,44.44444444444444,55.55555555555556,11.111111111111114
350330,5.0,5.0,0.0,10.0,50.0,50.0,0.0
351938,4.0,5.0,1.0,9.0,44.44444444444444,55.55555555555556,11.111111111111114
352132,5.0,5.0,0.0,10.0,50.0,50.0,0.0
352738,4.0,5.0,1.0,9.0,44.44444444444444,55.55555555555556,11.111111111111114
353740,4.0,5.0,1.0,9.0,44.44444444444444,55.55555555555556,11.111111111111114
355239,5.0,5.0,0.0,10.0,50.0,50.0,0.0
356948,3.0,6.0,3.0,9.0,33.333333333333336,66.66666666666667,33.333333333333336
358144,6.0,4.0,-2.0,10.0,60.0,40.0,-20.0
360030,5.0,4.0,-1.0,9.0,55.55555555555556,44.44444444444444,-11.111111111111114
361234,6.0,4.0,-2.0,10.0,60.0,40.0,-20.0
361941,5.0,5.0,0.0,10.0,50.0,50.0,0.0
365343,4.0,5.0,1.0,9.0,44.44444444444444,55.55555555555556,11.111111111111114
366042,5.0,5.0,0.0,10.0,50.0,50.0,0.0
368753,5.0,5.0,0.0,10.0,50.0,50.0,0.0
371843,5.0,5.0,0.0,10.0,50.0,50.0,0.0
376247,4.0,5.0,1.0,9.0,44.44444444444444,55.55555555555556,11.111111111111114
377451,5.0,4.0,-1.0,9.0,55.55555555555556,44.44444444444444,-11.111111111111114
378756,4.0,5.0,1.0,9.0,44.44444444444444,55.55555555555556,11.111111111111114
380036,4.0,6.0,2.0,10.0,40.0,60.0,20.0
381038,4.0,5.0,1.0,9.0,44.44444444444444,55.55555555555556,11.111111111111114
381543,5.0,5.0,0.0,10.0,50.0,50.0,0.0
382242,5.0,5.0,0.0,10.0,50.0,50.0,0.0
385046,5.0,5.0,0.0,10.0,50.0,50.0,0.0
385450,5.0,5.0,0.0,10.0,50.0,50.0,0.0
386250,5.0,5.0,0.0,10.0,50.0,50.0,0.0
387959,4.0,4.0,0.0,8.0,50.0,50.0,0.0
389357,5.0,4.0,-1.0,9.0,55.55555555555556,44.44444444444444,-11.111111111111114
390645,3.0,5.0,2.0,8.0,37.5,62.5,25.0
391748,5.0,5.0,0.0,10.0,50.0,50.0,0.0
392447,5.0,5.0,0.0,10.0,50.0,50.0,0.0
392750,4.0,6.0,2.0,10.0,40.0,60.0,20.0
393247,5.0,5.0,0.0,10.0,50.0,50.0,0.0
393550,4.0,6.0,2.0,10.0,40.0,60.0,20.0
395251,4.0,6.0,2.0,10.0,40.0,60.0,20.0
395756,5.0,5.0,0.0,10.0,50.0,50.0,0.0
395958,6.0,4.0,-2.0,10.0,60.0,40.0,-20.0
397154,5.0,5.0,0.0,10.0,50.0,50.0,0.0
397760,5.0,5.0,0.0,10.0,50.0,50.0,0.0
397861,5.0,5.0,0.0,10.0,50.0,50.0,0.0
401422,4.0,5.0,1.0,9.0,44.44444444444444,55.55555555555556,11.111111111111114
406432,4.0,6.0,2.0,10.0,40.0,60.0,20.0
406836,5.0,5.0,0.0,10.0,50.0,50.0,0.0
412528,5.0,5.0,0.0,10.0,50.0,50.0,0.0
413934,4.0,5.0,1.0,9.0,44.44444444444444,55.55555555555556,11.111111111111114
414229,5.0,5.0,0.0,10.0,50.0,50.0,0.0
415837,5.0,5.0,0.0,10.0,50.0,50.0,0.0
419239,4.0,5.0,1.0,9.0,44.44444444444444,55.55555555555556,11.111111111111114
421226,3.0,5.0,2.0,8.0,37.5,62.5,25.0
429040,4.0,5.0,1.0,9.0,44.44444444444444,55.55555555555556,11.111111111111114
432332,5.0,5.0,0.0,10.0,50.0,50.0,0.0
433839,5.0,5.0,0.0,10.0,50.0,50.0,0.0
436239,5.0,5.0,0.0,10.0,50.0,50.0,0.0
441939,5.0,5.0,0.0,10.0,50.0,50.0,0.0
445543,5.0,5.0,0.0,10.0,50.0,50.0,0.0
449753,5.0,5.0,0.0,10.0,50.0,50.0,0.0
453441,5.0,5.0,0.0,10.0,50.0,50.0,0.0
453542,5.0,4.0,-1.0,9.0,55.55555555555556,44.44444444444444,-11.111111111111114
454140,3.0,5.0,2.0,8.0,37.5,62.5,25.0
456346,3.0,6.0,3.0,9.0,33.333333333333336,66.66666666666667,33.333333333333336
459453,4.0,5.0,1.0,9.0,44.44444444444444,55.55555555555556,11.111111111111114
461743,2.0,6.0,4.0,8.0,25.0,75.0,50.0
462139,3.0,5.0,2.0,8.0,37.5,62.5,25.0
463040,5.0,4.0,-1.0,9.0,55.55555555555556,44.44444444444444,-11.111111111111114
465852,6.0,4.0,-2.0,10.0,60.0,40.0,-20.0
467351,5.0,5.0,0.0,10.0,50.0,50.0,0.0
468050,4.0,5.0,1.0,9.0,44.44444444444444,55.55555555555556,11.111111111111114
469961,4.0,5.0,1.0,9.0,44.44444444444444,55.55555555555556,11.111111111111114
473952,6.0,4.0,-2.0,10.0,60.0,40.0,-20.0
475855,5.0,3.0,-2.0,8.0,62.5,37.5,-25.0
480141,4.0,6.0,2.0,10.0,40.0,60.0,20.0
481042,5.0,5.0,0.0,10.0,50.0,50.0,0.0
481951,4.0,5.0,1.0,9.0,44.44444444444444,55.55555555555556,11.111111111111114
485757,2.0,5.0,3.0,7.0,28.571428571428573,71.42857142857143,42.85714285714286
486759,5.0,5.0,0.0,10.0,50.0,50.0,0.0
495255,5.0,5.0,0.0,10.0,50.0,50.0,0.0
499566,5.0,5.0,0.0,10.0,50.0,50.0,0.0
506234,5.0,4.0,-1.0,9.0,55.55555555555556,44.44444444444444,-11.111111111111114
510326,4.0,6.0,2.0,10.0,40.0,60.0,20.0
512835,5.0,5.0,0.0,10.0,50.0,50.0,0.0
513130,5.0,5.0,0.0,10.0,50.0,50.0,0.0
513736,5.0,5.0,0.0,10.0,50.0,50.0,0.0
516742,5.0,5.0,0.0,10.0,50.0,50.0,0.0
517239,5.0,5.0,0.0,10.0,50.0,50.0,0.0
518746,4.0,6.0,2.0,10.0,40.0,60.0,20.0
519647,4.0,5.0,1.0,9.0,44.44444444444444,55.55555555555556,11.111111111111114
519950,3.0,5.0,2.0,8.0,37.5,62.5,25.0
520228,4.0,5.0,1.0,9.0,44.44444444444444,55.55555555555556,11.111111111111114
522434,5.0,5.0,0.0,10.0,50.0,50.0,0.0
523032,5.0,5.0,0.0,10.0,50.0,50.0,0.0
525541,5.0,5.0,0.0,10.0,50.0,50.0,0.0
529549,4.0,5.0,1.0,9.0,44.44444444444444,55.55555555555556,11.111111111111114
529953,5.0,5.0,0.0,10.0,50.0,50.0,0.0
530635,5.0,4.0,-1.0,9.0,55.55555555555556,44.44444444444444,-11.111111111111114
531536,5.0,5.0,0.0,10.0,50.0,50.0,0.0
540436,4.0,5.0,1.0,9.0,44.44444444444444,55.55555555555556,11.111111111111114
541640,4.0,4.0,0.0,8.0,50.0,50.0,0.0
541943,5.0,5.0,0.0,10.0,50.0,50.0,0.0
545345,4.0,6.0,2.0,10.0,40.0,60.0,20.0
547046,6.0,4.0,-2.0,10.0,60.0,40.0,-20.0
548250,5.0,5.0,0.0,10.0,50.0,50.0,0.0
550439,4.0,5.0,1.0,9.0,44.44444444444444,55.55555555555556,11.111111111111114
552544,4.0,5.0,1.0,9.0,44.44444444444444,55.55555555555556,11.111111111111114
553344,5.0,5.0,0.0,10.0,50.0,50.0,0.0
555348,6.0,4.0,-2.0,10.0,60.0,40.0,-20.0
555651,5.0,5.0,0.0,10.0,50.0,50.0,0.0
555954,5.0,5.0,0.0,10.0,50.0,50.0,0.0
557857,5.0,5.0,0.0,10.0,50.0,50.0,0.0
558657,3.0,6.0,3.0,9.0,33.333333333333336,66.66666666666667,33.333333333333336
558960,5.0,4.0,-1.0,9.0,55.55555555555556,44.44444444444444,-11.111111111111114
559053,3.0,5.0,2.0,8.0,37.5,62.5,25.0
559457,3.0,5.0,2.0,8.0,37.5,62.5,25.0
561242,3.0,5.0,2.0,8.0,37.5,62.5,25.0
561444,5.0,5.0,0.0,10.0,50.0,50.0,0.0
561949,5.0,5.0,0.0,10.0,50.0,50.0,0.0
562446,5.0,5.0,0.0,10.0,50.0,50.0,0.0
565452,4.0,4.0,0.0,8.0,50.0,50.0,0.0
566454,5.0,5.0,0.0,10.0,50.0,50.0,0.0
567052,4.0,6.0,2.0,10.0,40.0,60.0,20.0
567759,4.0,5.0,1.0,9.0,44.44444444444444,55.55555555555556,11.111111111111114
568963,5.0,5.0,0.0,10.0,50.0,50.0,0.0
570243,5.0,5.0,0.0,10.0,50.0,50.0,0.0
571144,5.0,5.0,0.0,10.0,50.0,50.0,0.0
571548,5.0,5.0,0.0,10.0,50.0,50.0,0.0
572045,5.0,5.0,0.0,10.0,50.0,50.0,0.0
573249,4.0,6.0,2.0,10.0,40.0,60.0,20.0
573451,4.0,5.0,1.0,9.0,44.44444444444444,55.55555555555556,11.111111111111114
576255,4.0,5.0,1.0,9.0,44.44444444444444,55.55555555555556,11.111111111111114
578057,4.0,6.0,2.0,10.0,40.0,60.0,20.0
579867,5.0,5.0,0.0,10.0,50.0,50.0,0.0
580044,5.0,5.0,0.0,10.0,50.0,50.0,0.0
580347,5.0,5.0,0.0,10.0,50.0,50.0,0.0
580560,6.0,4.0,-2.0,10.0,60.0,40.0,-20.0
580751,4.0,5.0,1.0,9.0,44.44444444444444,55.55555555555556,11.111111111111114
581349,7.0,2.0,-5.0,9.0,77.77777777777777,22.22222222222222,-55.55555555555555
581450,5.0,5.0,0.0,10.0,50.0,50.0,0.0
583858,4.0,5.0,1.0,9.0,44.44444444444444,55.55555555555556,11.111111111111114
585862,4.0,5.0,1.0,9.0,44.44444444444444,55.55555555555556,11.111111111111114
587664,3.0,4.0,1.0,7.0,42.857142857142854,57.142857142857146,14.285714285714292
588565,4.0,5.0,1.0,9.0,44.44444444444444,55.55555555555556,11.111111111111114
590047,4.0,5.0,1.0,9.0,44.44444444444444,55.55555555555556,11.111111111111114
592455,4.0,5.0,1.0,9.0,44.44444444444444,55.55555555555556,11.111111111111114
594156,3.0,5.0,2.0,8.0,37.5,62.5,25.0
597869,5.0,5.0,0.0,10.0,50.0,50.0,0.0
598568,4.0,5.0,1.0,9.0,44.44444444444444,55.55555555555556,11.111111111111114
599065,5.0,5.0,0.0,10.0,50.0,50.0,0.0
599469,4.0,5.0,1.0,9.0,44.44444444444444,55.55555555555556,11.111111111111114
599671,3.0,5.0,2.0,8.0,37.5,62.5,25.0
601127,5.0,5.0,0.0,10.0,50.0,50.0,0.0
604537,5.0,5.0,0.0,10.0,50.0,50.0,0.0
609143,5.0,5.0,0.0,10.0,50.0,50.0,0.0
611938,5.0,5.0,0.0,10.0,50.0,50.0,0.0
613538,5.0,5.0,0.0,10.0,50.0,50.0,0.0
614439,3.0,5.0,2.0,8.0,37.5,62.5,25.0
615744,5.0,4.0,-1.0,9.0,55.55555555555556,44.44444444444444,-11.111111111111114
616645,4.0,5.0,1.0,9.0,44.44444444444444,55.55555555555556,11.111111111111114
618952,5.0,5.0,0.0,10.0,50.0,50.0,0.0
620434,4.0,5.0,1.0,9.0,44.44444444444444,55.55555555555556,11.111111111111114
622236,5.0,5.0,0.0,10.0,50.0,50.0,0.0
623844,4.0,6.0,2.0,10.0,40.0,60.0,20.0
626648,4.0,4.0,0.0,8.0,50.0,50.0,0.0
628248,4.0,5.0,1.0,9.0,44.44444444444444,55.55555555555556,11.111111111111114
634748,4.0,5.0,1.0,9.0,44.44444444444444,55.55555555555556,11.111111111111114
635245,4.0,5.0,1.0,9.0,44.44444444444444,55.55555555555556,11.111111111111114
638049,4.0,5.0,1.0,9.0,44.44444444444444,55.55555555555556,11.111111111111114
644044,5.0,4.0,-1.0,9.0,55.55555555555556,44.44444444444444,-11.111111111111114
644246,5.0,4.0,-1.0,9.0,55.55555555555556,44.44444444444444,-11.111111111111114
645450,5.0,5.0,0.0,10.0,50.0,50.0,0.0
645551,3.0,5.0,2.0,8.0,37.5,62.5,25.0
647858,5.0,5.0,0.0,10.0,50.0,50.0,0.0
654350,5.0,5.0,0.0,10.0,50.0,50.0,0.0
654552,5.0,5.0,0.0,10.0,50.0,50.0,0.0
654754,5.0,4.0,-1.0,9.0,55.55555555555556,44.44444444444444,-11.111111111111114
656253,3.0,6.0,3.0,9.0,33.333333333333336,66.66666666666667,33.333333333333336
656657,4.0,5.0,1.0,9.0,44.44444444444444,55.55555555555556,11.111111111111114
657659,5.0,5.0,0.0,10.0,50.0,50.0,0.0
660951,5.0,5.0,0.0,10.0,50.0,50.0,0.0
663755,4.0,5.0,1.0,9.0,44.44444444444444,55.55555555555556,11.111111111111114
664757,6.0,4.0,-2.0,10.0,60.0,40.0,-20.0
665254,4.0,5.0,1.0,9.0,44.44444444444444,55.55555555555556,11.111111111111114
667056,5.0,5.0,0.0,10.0,50.0,50.0,0.0
668361,6.0,3.0,-3.0,9.0,66.66666666666667,33.333333333333336,-33.333333333333336
671855,5.0,4.0,-1.0,9.0,55.55555555555556,44.44444444444444,-11.111111111111114
672756,5.0,5.0,0.0,10.0,50.0,50.0,0.0
673455,5.0,5.0,0.0,10.0,50.0,50.0,0.0
675661,5.0,5.0,0.0,10.0,50.0,50.0,0.0
677766,5.0,4.0,-1.0,9.0,55.55555555555556,44.44444444444444,-11.111111111111114
679568,4.0,5.0,1.0,9.0,44.44444444444444,55.55555555555556,11.111111111111114
680250,5.0,5.0,0.0,10.0,50.0,50.0,0.0
683256,6.0,4.0,-2.0,10.0,60.0,40.0,-20.0
686969,5.0,5.0,0.0,10.0,50.0,50.0,0.0
688569,4.0,5.0,1.0,9.0,44.44444444444444,55.55555555555556,11.111111111111114
689470,2.0,5.0,3.0,7.0,28.571428571428573,71.42857142857143,42.85714285714286
692694,5.0,5.0,0.0,10.0,50.0,50.0,0.0
693764,5.0,5.0,0.0,10.0,50.0,50.0,0.0
694362,5.0,5.0,0.0,10.0,50.0,50.0,0.0
695768,5.0,5.0,0.0,10.0,50.0,50.0,0.0
698168,5.0,5.0,0.0,10.0,50.0,50.0,0.0
702133,5.0,5.0,0.0,10.0,50.0,50.0,0.0
705341,5.0,5.0,0.0,10.0,50.0,50.0,0.0
709551,5.0,5.0,0.0,10.0,50.0,50.0,0.0
713239,5.0,4.0,-1.0,9.0,55.55555555555556,44.44444444444444,-11.111111111111114
715041,5.0,4.0,-1.0,9.0,55.55555555555556,44.44444444444444,-11.111111111111114
715647,5.0,5.0,0.0,10.0,50.0,50.0,0.0
720337,4.0,5.0,1.0,9.0,44.44444444444444,55.55555555555556,11.111111111111114
723141,5.0,5.0,0.0,10.0,50.0,50.0,0.0
724446,5.0,5.0,0.0,10.0,50.0,50.0,0.0
725751,5.0,5.0,0.0,10.0,50.0,50.0,0.0
727553,4.0,3.0,-1.0,7.0,57.142857142857146,42.857142857142854,-14.285714285714292
727654,4.0,5.0,1.0,9.0,44.44444444444444,55.55555555555556,11.111111111111114
728454,5.0,5.0,0.0,10.0,50.0,50.0,0.0
729254,5.0,5.0,0.0,10.0,50.0,50.0,0.0
729557,3.0,5.0,2.0,8.0,37.5,62.5,25.0
731140,5.0,5.0,0.0,10.0,50.0,50.0,0.0
732243,5.0,5.0,0.0,10.0,50.0,50.0,0.0
734045,4.0,6.0,2.0,10.0,40.0,60.0,20.0
735148,6.0,4.0,-2.0,10.0,60.0,40.0,-20.0
737960,1.0,8.0,7.0,9.0,11.11111111111111,88.88888888888889,77.77777777777777
744553,5.0,5.0,0.0,10.0,50.0,50.0,0.0
748258,6.0,4.0,-2.0,10.0,60.0,40.0,-20.0
749361,3.0,6.0,3.0,9.0,33.333333333333336,66.66666666666667,33.333333333333336
751348,2.0,5.0,3.0,7.0,28.571428571428573,71.42857142857143,42.85714285714286
751550,4.0,5.0,1.0,9.0,44.44444444444444,55.55555555555556,11.111111111111114
753150,6.0,4.0,-2.0,10.0,60.0,40.0,-20.0
753251,6.0,4.0,-2.0,10.0,60.0,40.0,-20.0
756055,5.0,5.0,0.0,10.0,50.0,50.0,0.0
757764,5.0,5.0,0.0,10.0,50.0,50.0,0.0
759869,5.0,5.0,0.0,10.0,50.0,50.0,0.0
761957,6.0,4.0,-2.0,10.0,60.0,40.0,-20.0
763557,5.0,5.0,0.0,10.0,50.0,50.0,0.0
765056,5.0,5.0,0.0,10.0,50.0,50.0,0.0
765864,3.0,5.0,2.0,8.0,37.5,62.5,25.0
767464,4.0,5.0,1.0,9.0,44.44444444444444,55.55555555555556,11.111111111111114
769064,5.0,4.0,-1.0,9.0,55.55555555555556,44.44444444444444,-11.111111111111114
770352,5.0,5.0,0.0,10.0,50.0,50.0,0.0
771354,5.0,5.0,0.0,10.0,50.0,50.0,0.0
773257,5.0,5.0,0.0,10.0,50.0,50.0,0.0
774663,5.0,5.0,0.0,10.0,50.0,50.0,0.0
779370,6.0,4.0,-2.0,10.0,60.0,40.0,-20.0
782561,5.0,5.0,0.0,10.0,50.0,50.0,0.0
783462,3.0,5.0,2.0,8.0,37.5,62.5,25.0
784565,5.0,5.0,0.0,10.0,50.0,50.0,0.0
786569,5.0,5.0,0.0,10.0,50.0,50.0,0.0
788674,5.0,5.0,0.0,10.0,50.0,50.0,0.0
788876,3.0,5.0,2.0,8.0,37.5,62.5,25.0
789373,5.0,5.0,0.0,10.0,50.0,50.0,0.0
792564,5.0,5.0,0.0,10.0,50.0,50.0,0.0
792867,3.0,7.0,4.0,10.0,30.0,70.0,40.0
796534,5.0,5.0,0.0,10.0,50.0,50.0,0.0
800941,4.0,4.0,0.0,8.0,50.0,50.0,0.0
814548,2.0,5.0,3.0,7.0,28.571428571428573,71.42857142857143,42.85714285714286
814649,5.0,5.0,0.0,10.0,50.0,50.0,0.0
815247,5.0,5.0,0.0,10.0,50.0,50.0,0.0
816653,5.0,4.0,-1.0,9.0,55.55555555555556,44.44444444444444,-11.111111111111114
818455,4.0,5.0,1.0,9.0,44.44444444444444,55.55555555555556,11.111111111111114
818859,4.0,6.0,2.0,10.0,40.0,60.0,20.0
820745,5.0,5.0,0.0,10.0,50.0,50.0,0.0
825048,4.0,5.0,1.0,9.0,44.44444444444444,55.55555555555556,11.111111111111114
826353,5.0,5.0,0.0,10.0,50.0,50.0,0.0
826454,4.0,5.0,1.0,9.0,44.44444444444444,55.55555555555556,11.111111111111114
827052,4.0,5.0,1.0,9.0,44.44444444444444,55.55555555555556,11.111111111111114
833148,4.0,6.0,2.0,10.0,40.0,60.0,20.0
833249,4.0,4.0,0.0,8.0,50.0,50.0,0.0
835657,5.0,5.0,0.0,10.0,50.0,50.0,0.0
837560,3.0,5.0,2.0,8.0,37.5,62.5,25.0
841349,5.0,4.0,-1.0,9.0,55.55555555555556,44.44444444444444,-11.111111111111114
844961,4.0,5.0,1.0,9.0,44.44444444444444,55.55555555555556,11.111111111111114
845458,5.0,5.0,0.0,10.0,50.0,50.0,0.0
849971,5.0,5.0,0.0,10.0,50.0,50.0,0.0
852455,5.0,5.0,0.0,10.0,50.0,50.0,0.0
856463,4.0,3.0,-1.0,7.0,57.142857142857146,42.857142857142854,-14.285714285714292
856766,4.0,5.0,1.0,9.0,44.44444444444444,55.55555555555556,11.111111111111114
856968,4.0,5.0,1.0,9.0,44.44444444444444,55.55555555555556,11.111111111111114
857263,5.0,5.0,0.0,10.0,50.0,50.0,0.0
859671,5.0,5.0,0.0,10.0,50.0,50.0,0.0
861456,5.0,5.0,0.0,10.0,50.0,50.0,0.0
865363,5.0,5.0,0.0,10.0,50.0,50.0,0.0
869472,5.0,4.0,-1.0,9.0,55.55555555555556,44.44444444444444,-11.111111111111114
870861,4.0,5.0,1.0,9.0,44.44444444444444,55.55555555555556,11.111111111111114
871964,5.0,5.0,0.0,10.0,50.0,50.0,0.0
872562,5.0,5.0,0.0,10.0,50.0,50.0,0.0
872764,5.0,5.0,0.0,10.0,50.0,50.0,0.0
873968,5.0,5.0,0.0,10.0,50.0,50.0,0.0
877168,4.0,6.0,2.0,10.0,40.0,60.0,20.0
878877,5.0,5.0,0.0,10.0,50.0,50.0,0.0
880157,4.0,4.0,0.0,8.0,50.0,50.0,0.0
882161,2.0,5.0,3.0,7.0,28.571428571428573,71.42857142857143,42.85714285714286
885975,5.0,4.0,-1.0,9.0,55.55555555555556,44.44444444444444,-11.111111111111114
886674,4.0,5.0,1.0,9.0,44.44444444444444,55.55555555555556,11.111111111111114
888678,5.0,5.0,0.0,10.0,50.0,50.0,0.0
889579,5.0,5.0,0.0,10.0,50.0,50.0,0.0
894673,5.0,5.0,0.0,10.0,50.0,50.0,0.0
894774,5.0,5.0,0.0,10.0,50.0,50.0,0.0
896879,5.0,4.0,-1.0,9.0,55.55555555555556,44.44444444444444,-11.111111111111114
898176,4.0,6.0,2.0,10.0,40.0,60.0,20.0
899885,5.0,5.0,0.0,10.0,50.0,50.0,0.0
901038,5.0,5.0,0.0,10.0,50.0,50.0,0.0
901139,5.0,5.0,0.0,10.0,50.0,50.0,0.0
901442,4.0,5.0,1.0,9.0,44.44444444444444,55.55555555555556,11.111111111111114
904044,2.0,5.0,3.0,7.0,28.571428571428573,71.42857142857143,42.85714285714286
908860,1.0,5.0,4.0,6.0,16.666666666666668,83.33333333333333,66.66666666666666
910241,5.0,5.0,0.0,10.0,50.0,50.0,0.0
910443,5.0,5.0,0.0,10.0,50.0,50.0,0.0
917255,3.0,6.0,3.0,9.0,33.333333333333336,66.66666666666667,33.333333333333336
917558,5.0,5.0,0.0,10.0,50.0,50.0,0.0
922854,4.0,6.0,2.0,10.0,40.0,60.0,20.0
923755,4.0,6.0,2.0,10.0,40.0,60.0,20.0
926862,4.0,5.0,1.0,9.0,44.44444444444444,55.55555555555556,11.111111111111114
927359,5.0,5.0,0.0,10.0,50.0,50.0,0.0
929464,5.0,5.0,0.0,10.0,50.0,50.0,0.0
932554,4.0,5.0,1.0,9.0,44.44444444444444,55.55555555555556,11.111111111111114
933253,4.0,5.0,1.0,9.0,44.44444444444444,55.55555555555556,11.111111111111114
942658,2.0,6.0,4.0,8.0,25.0,75.0,50.0
947668,5.0,4.0,-1.0,9.0,55.55555555555556,44.44444444444444,-11.111111111111114
951457,5.0,5.0,0.0,10.0,50.0,50.0,0.0
952863,5.0,5.0,0.0,10.0,50.0,50.0,0.0
955465,5.0,4.0,-1.0,9.0,55.55555555555556,44.44444444444444,-11.111111111111114
957974,4.0,5.0,1.0,9.0,44.44444444444444,55.55555555555556,11.111111111111114
958976,2.0,6.0,4.0,8.0,25.0,75.0,50.0
959574,2.0,7.0,5.0,9.0,22.22222222222222,77.77777777777777,55.55555555555555
962058,5.0,5.0,0.0,10.0,50.0,50.0,0.0
965367,5.0,5.0,0.0,10.0,50.0,50.0,0.0
965771,5.0,4.0,-1.0,9.0,55.55555555555556,44.44444444444444,-11.111111111111114
966975,4.0,5.0,1.0,9.0,44.44444444444444,55.55555555555556,11.111111111111114
969476,5.0,5.0,0.0,10.0,50.0,50.0,0.0
970764,4.0,4.0,0.0,8.0,50.0,50.0,0.0
971160,4.0,5.0,1.0,9.0,44.44444444444444,55.55555555555556,11.111111111111114
972566,5.0,5.0,0.0,10.0,50.0,50.0,0.0
973770,5.0,5.0,0.0,10.0,50.0,50.0,0.0
979984,4.0,5.0,1.0,9.0,44.44444444444444,55.55555555555556,11.111111111111114
983773,5.0,4.0,-1.0,9.0,55.55555555555556,44.44444444444444,-11.111111111111114
984472,5.0,5.0,0.0,10.0,50.0,50.0,0.0
987074,4.0,5.0,1.0,9.0,44.44444444444444,55.55555555555556,11.111111111111114
987983,5.0,4.0,-1.0,9.0,55.55555555555556,44.44444444444444,-11.111111111111114
989987,5.0,5.0,0.0,10.0,50.0,50.0,0.0
990366,4.0,6.0,2.0,10.0,40.0,60.0,20.0
991267,4.0,5.0,1.0,9.0,44.44444444444444,55.55555555555556,11.111111111111114
992673,5.0,5.0,0.0,10.0,50.0,50.0,0.0
992774,4.0,5.0,1.0,9.0,44.44444444444444,55.55555555555556,11.111111111111114
993675,5.0,5.0,0.0,10.0,50.0,50.0,0.0
996782,5.0,5.0,0.0,10.0,50.0,50.0,0.0
