,d,beta,c,Ad
100206,0.4399303319716861,0.6268650096300457,-1.0615863995587573,0.622129231220526
100307,1.9919706139489222,0.7352911777136898,-0.15436407340154684,0.9205137821181946
100408,2.4319009459206082,0.85253982181483,-0.06560109258429625,0.9572486533586757
100610,2.5631031310892007,1.0,-0.0,0.9650368366397468
101309,1.956041315740682,0.5522695724550625,-0.30353090767425933,0.916687507820483
101410,2.5631031310892007,1.0,-0.0,0.9650368366397468
101915,2.4319009459206082,0.85253982181483,-0.06560109258429625,0.9572486533586757
102008,2.117770946477709,0.8239053639971495,-0.09146390713715341,0.932867122803402
102311,2.4319009459206082,0.85253982181483,-0.06560109258429625,0.9572486533586757
102513,0.4399303319716861,0.6268650096300457,-1.0615863995587573,0.622129231220526
102614,2.5631031310892007,1.0,-0.0,0.9650368366397468
102715,2.1231727991175147,0.6268650096300457,-0.2199651659858431,0.933362285134116
103111,1.2815515655446004,0.4399090809725481,-0.6407757827723002,0.8175833586070742
103212,2.4319009459206082,1.172965736511013,0.06560109258429625,0.9572486533586757
103414,2.5631031310892007,1.0,-0.0,0.9650368366397468
103818,2.2489731316463013,0.7024121322144126,-0.15706499972144966,0.9441123622812186
104012,1.1052170494915392,0.8739735137841343,-0.12188122545031208,0.7827476636728616
104416,2.3006987607520157,1.0,-0.0,0.948114425737803
104820,2.4319009459206082,0.85253982181483,-0.06560109258429625,0.9572486533586757
105014,2.4319009459206082,0.85253982181483,-0.06560109258429625,0.9572486533586757
105115,2.1231727991175147,0.6268650096300457,-0.2199651659858431,0.933362285134116
105216,2.5631031310892007,1.0,-0.0,0.9650368366397468
105620,2.5631031310892007,1.0,-0.0,0.9650368366397468
106016,2.4319009459206082,0.85253982181483,-0.06560109258429625,0.9572486533586757
106319,2.4319009459206082,0.85253982181483,-0.06560109258429625,0.9572486533586757
106824,2.5631031310892007,1.0,-0.0,0.9650368366397468
107018,2.4319009459206082,0.85253982181483,-0.06560109258429625,0.9572486533586757
107220,2.4319009459206082,0.85253982181483,-0.06560109258429625,0.9572486533586757
107321,2.5631031310892007,1.0,-0.0,0.9650368366397468
107422,2.4319009459206082,0.85253982181483,-0.06560109258429625,0.9572486533586757
108020,2.4319009459206082,0.85253982181483,-0.06560109258429625,0.9572486533586757
108121,2.5631031310892007,1.0,-0.0,0.9650368366397468
108323,2.4319009459206082,1.172965736511013,0.06560109258429625,0.9572486533586757
108828,2.4319009459206082,0.85253982181483,-0.06560109258429625,0.9572486533586757
109830,2.2489731316463013,0.7024121322144126,-0.15706499972144966,0.9441123622812186
110007,2.4319009459206082,0.85253982181483,-0.06560109258429625,0.9572486533586757
110411,2.5631031310892007,1.0,-0.0,0.9650368366397468
111009,2.5631031310892007,1.0,-0.0,0.9650368366397468
111312,1.2815515655446004,0.4399090809725481,-0.6407757827723002,0.8175833586070742
111514,2.5631031310892007,1.0,-0.0,0.9650368366397468
111716,2.5631031310892007,1.0,-0.0,0.9650368366397468
112112,2.1231727991175147,1.595239779917156,0.21996516598584304,0.933362285134116
112314,1.956041315740682,0.5522695724550625,-0.30353090767425933,0.916687507820483
112516,2.5631031310892007,1.0,-0.0,0.9650368366397468
112920,2.5631031310892007,1.0,-0.0,0.9650368366397468
113316,1.712278864840058,0.48266897879461257,-0.4254121331245714,0.8870070663184544
113619,1.9919706139489222,1.3600054377225008,0.1543640734015468,0.9205137821181946
113922,2.5631031310892007,1.0,-0.0,0.9650368366397468
114116,2.5631031310892007,1.0,-0.0,0.9650368366397468
114419,1.5348986686804,0.45425578784716697,-0.5141022312044004,0.8611138448309655
114621,2.5631031310892007,1.0,-0.0,0.9650368366397468
114823,2.4319009459206082,0.85253982181483,-0.06560109258429625,0.9572486533586757
115217,1.2815515655446004,0.4399090809725481,-0.6407757827723002,0.8175833586070742
115825,1.8090427996746152,1.1205157752048598,0.06290016626439338,0.8995842935450682
116221,2.5631031310892007,1.0,-0.0,0.9650368366397468
116726,2.1231727991175147,0.6268650096300457,-0.2199651659858431,0.933362285134116
117021,2.5631031310892007,1.0,-0.0,0.9650368366397468
117324,1.9919706139489222,1.3600054377225008,0.1543640734015468,0.9205137821181946
117930,2.5631031310892007,1.0,-0.0,0.9650368366397468
118023,2.4319009459206082,0.85253982181483,-0.06560109258429625,0.9572486533586757
118124,2.4319009459206082,1.172965736511013,0.06560109258429625,0.9572486533586757
118225,2.5631031310892007,1.0,-0.0,0.9650368366397468
118528,0.1312021851685925,0.85253982181483,-1.2159504729603041,0.5369584286101813
118831,2.4319009459206082,0.85253982181483,-0.06560109258429625,0.9572486533586757
118932,2.5631031310892007,1.0,-0.0,0.9650368366397468
119025,2.1231727991175147,0.6268650096300457,-0.2199651659858431,0.933362285134116
119732,2.1231727991175147,1.595239779917156,0.21996516598584304,0.933362285134116
120111,2.5631031310892007,1.0,-0.0,0.9650368366397468
120212,2.5631031310892007,1.0,-0.0,0.9650368366397468
120515,2.5631031310892007,1.0,-0.0,0.9650368366397468
120717,2.5631031310892007,1.0,-0.0,0.9650368366397468
121921,2.4319009459206082,0.85253982181483,-0.06560109258429625,0.9572486533586757
122317,2.4319009459206082,0.85253982181483,-0.06560109258429625,0.9572486533586757
122418,2.5631031310892007,1.0,-0.0,0.9650368366397468
122822,2.5631031310892007,1.0,-0.0,0.9650368366397468
123117,2.5631031310892007,1.0,-0.0,0.9650368366397468
123521,2.2489731316463013,0.7024121322144126,-0.15706499972144966,0.9441123622812186
124220,2.5631031310892007,1.0,-0.0,0.9650368366397468
124422,1.5348986686804,0.45425578784716697,-0.5141022312044004,0.8611138448309655
124826,2.5631031310892007,1.0,-0.0,0.9650368366397468
125222,0.850824266249143,0.48266897879461257,-0.8561394324200289,0.7262876447921953
126325,2.4319009459206082,1.172965736511013,0.06560109258429625,0.9572486533586757
126426,2.5631031310892007,1.0,-0.0,0.9650368366397468
127226,2.4319009459206082,1.172965736511013,0.06560109258429625,0.9572486533586757
127327,2.4319009459206082,0.85253982181483,-0.06560109258429625,0.9572486533586757
127630,2.1231727991175147,0.6268650096300457,-0.2199651659858431,0.933362285134116
127731,2.4319009459206082,0.85253982181483,-0.06560109258429625,0.9572486533586757
127933,2.2489731316463013,0.7024121322144126,-0.15706499972144966,0.9441123622812186
128026,2.5631031310892007,1.0,-0.0,0.9650368366397468
128127,2.5631031310892007,1.0,-0.0,0.9650368366397468
128632,2.5631031310892007,1.0,-0.0,0.9650368366397468
128935,1.712278864840058,0.48266897879461257,-0.4254121331245714,0.8870070663184544
129028,2.2489731316463013,0.7024121322144126,-0.15706499972144966,0.9441123622812186
129129,2.4319009459206082,0.85253982181483,-0.06560109258429625,0.9572486533586757
129331,2.2489731316463013,0.7024121322144126,-0.15706499972144966,0.9441123622812186
129937,2.5631031310892007,1.0,-0.0,0.9650368366397468
130013,2.5631031310892007,1.0,-0.0,0.9650368366397468
130114,2.5631031310892007,1.0,-0.0,0.9650368366397468
130316,2.4319009459206082,0.85253982181483,-0.06560109258429625,0.9572486533586757
130417,2.4319009459206082,0.85253982181483,-0.06560109258429625,0.9572486533586757
130518,0.5066942062715994,1.0,-0.0,0.6399356931732278
131217,2.5631031310892007,1.0,-0.0,0.9650368366397468
131419,2.4319009459206082,0.85253982181483,-0.06560109258429625,0.9572486533586757
131722,2.4319009459206082,0.85253982181483,-0.06560109258429625,0.9572486533586757
131924,2.5631031310892007,1.0,-0.0,0.9650368366397468
132017,2.5631031310892007,1.0,-0.0,0.9650368366397468
133019,2.4319009459206082,1.172965736511013,0.06560109258429625,0.9572486533586757
133625,2.4319009459206082,0.85253982181483,-0.06560109258429625,0.9572486533586757
133928,2.1231727991175147,1.595239779917156,0.21996516598584304,0.933362285134116
134223,2.5631031310892007,1.0,-0.0,0.9650368366397468
134425,2.4319009459206082,0.85253982181483,-0.06560109258429625,0.9572486533586757
134627,2.4319009459206082,0.85253982181483,-0.06560109258429625,0.9572486533586757
134829,2.4319009459206082,0.85253982181483,-0.06560109258429625,0.9572486533586757
135124,2.5631031310892007,1.0,-0.0,0.9650368366397468
135528,2.5631031310892007,1.0,-0.0,0.9650368366397468
135629,2.4319009459206082,0.85253982181483,-0.06560109258429625,0.9572486533586757
135730,2.4319009459206082,0.85253982181483,-0.06560109258429625,0.9572486533586757
135932,2.4319009459206082,1.172965736511013,0.06560109258429625,0.9572486533586757
136126,2.4319009459206082,0.85253982181483,-0.06560109258429625,0.9572486533586757
136227,1.956041315740682,0.5522695724550625,-0.30353090767425933,0.916687507820483
136631,2.3006987607520157,1.0,-0.0,0.948114425737803
136732,2.4319009459206082,0.85253982181483,-0.06560109258429625,0.9572486533586757
136833,1.6832424671458286,0.9999999999999999,-5.551115123125783e-17,0.8830224224435198
137027,2.1231727991175147,0.6268650096300457,-0.2199651659858431,0.933362285134116
137128,2.5631031310892007,1.0,-0.0,0.9650368366397468
137229,2.5631031310892007,1.0,-0.0,0.9650368366397468
137431,2.5631031310892007,1.0,-0.0,0.9650368366397468
137633,2.5631031310892007,1.0,-0.0,0.9650368366397468
138130,2.5631031310892007,1.0,-0.0,0.9650368366397468
138231,2.4319009459206082,1.172965736511013,0.06560109258429625,0.9572486533586757
139233,2.5631031310892007,1.0,-0.0,0.9650368366397468
139435,1.5348986686804,2.2014028808289994,0.5141022312044004,0.8611138448309655
139839,2.5631031310892007,1.0,-0.0,0.9650368366397468
140117,2.4319009459206082,0.85253982181483,-0.06560109258429625,0.9572486533586757
140420,2.4319009459206082,1.172965736511013,0.06560109258429625,0.9572486533586757
141119,2.5631031310892007,1.0,-0.0,0.9650368366397468
141422,2.5631031310892007,1.0,-0.0,0.9650368366397468
142828,2.5631031310892007,1.0,-0.0,0.9650368366397468
143224,2.4319009459206082,0.85253982181483,-0.06560109258429625,0.9572486533586757
143325,2.4319009459206082,0.85253982181483,-0.06560109258429625,0.9572486533586757
143426,2.4319009459206082,0.85253982181483,-0.06560109258429625,0.9572486533586757
143830,2.117770946477709,1.2137316295023657,0.09146390713715341,0.932867122803402
144125,1.6419113162977828,1.2718646241760259,0.14646590795280967,0.8771803975434274
144226,1.516110983768996,0.8810023912181558,-0.0835657416884163,0.8581517419970113
144428,2.5631031310892007,1.0,-0.0,0.9650368366397468
144832,2.1231727991175147,1.595239779917156,0.21996516598584304,0.933362285134116
144933,2.5631031310892007,1.0,-0.0,0.9650368366397468
145127,2.4319009459206082,0.85253982181483,-0.06560109258429625,0.9572486533586757
145632,2.4319009459206082,0.85253982181483,-0.06560109258429625,0.9572486533586757
145834,2.4319009459206082,1.172965736511013,0.06560109258429625,0.9572486533586757
146129,2.4319009459206082,0.85253982181483,-0.06560109258429625,0.9572486533586757
146331,0.8416212335729143,0.701760465514206,-0.42081061678645715,0.724117060095737
146432,2.5631031310892007,1.0,-0.0,0.9650368366397468
146533,2.5631031310892007,1.0,-0.0,0.9650368366397468
146634,2.5631031310892007,1.0,-0.0,0.9650368366397468
146735,2.1231727991175147,1.595239779917156,0.21996516598584304,0.933362285134116
146937,2.5631031310892007,1.0,-0.0,0.9650368366397468
147030,2.1231727991175147,0.6268650096300457,-0.2199651659858431,0.933362285134116
147636,2.4319009459206082,1.172965736511013,0.06560109258429625,0.9572486533586757
147737,2.4319009459206082,0.85253982181483,-0.06560109258429625,0.9572486533586757
148032,2.4319009459206082,0.85253982181483,-0.06560109258429625,0.9572486533586757
148133,2.5631031310892007,1.0,-0.0,0.9650368366397468
148335,2.3006987607520157,1.0,-0.0,0.948114425737803
148436,2.1231727991175147,0.6268650096300457,-0.2199651659858431,0.933362285134116
148636,2.4319009459206082,0.85253982181483,-0.06560109258429625,0.9572486533586757
148941,2.1231727991175147,1.595239779917156,0.21996516598584304,0.933362285134116
149236,2.5631031310892007,1.0,-0.0,0.9650368366397468
149741,2.5631031310892007,1.0,-0.0,0.9650368366397468
149842,1.5348986686804,0.45425578784716697,-0.5141022312044004,0.8611138448309655
150423,2.2489731316463013,0.7024121322144126,-0.15706499972144966,0.9441123622812186
150625,2.5631031310892007,1.0,-0.0,0.9650368366397468
150928,1.9919706139489222,0.7352911777136898,-0.15436407340154684,0.9205137821181946
151021,1.956041315740682,1.8107099320257567,0.30353090767425933,0.916687507820483
151223,2.5631031310892007,1.0,-0.0,0.9650368366397468
151324,1.6832424671458286,0.9999999999999999,-5.551115123125783e-17,0.8830224224435198
151425,2.5631031310892007,1.0,-0.0,0.9650368366397468
151627,2.4319009459206082,0.85253982181483,-0.06560109258429625,0.9572486533586757
151728,2.5631031310892007,1.0,-0.0,0.9650368366397468
151829,1.712278864840058,0.48266897879461257,-0.4254121331245714,0.8870070663184544
152225,2.5631031310892007,1.0,-0.0,0.9650368366397468
152427,2.5631031310892007,1.0,-0.0,0.9650368366397468
152831,2.5631031310892007,1.0,-0.0,0.9650368366397468
153025,2.5631031310892007,1.0,-0.0,0.9650368366397468
153126,0.3141299994428993,0.7024121322144126,-1.1244865658231507,0.5878911094088284
153227,2.1231727991175147,0.6268650096300457,-0.2199651659858431,0.933362285134116
153429,2.1231727991175147,1.595239779917156,0.21996516598584304,0.933362285134116
153631,2.4319009459206082,0.85253982181483,-0.06560109258429625,0.9572486533586757
153732,1.5348986686804,2.2014028808289994,0.5141022312044004,0.8611138448309655
153833,2.117770946477709,0.8239053639971495,-0.09146390713715341,0.932867122803402
154229,2.5631031310892007,1.0,-0.0,0.9650368366397468
154330,2.5631031310892007,1.0,-0.0,0.9650368366397468
154431,2.4319009459206082,0.85253982181483,-0.06560109258429625,0.9572486533586757
154734,2.5631031310892007,1.0,-0.0,0.9650368366397468
154835,2.4319009459206082,1.172965736511013,0.06560109258429625,0.9572486533586757
155231,2.5631031310892007,1.0,-0.0,0.9650368366397468
155635,2.5631031310892007,1.0,-0.0,0.9650368366397468
155938,2.2489731316463013,0.7024121322144126,-0.15706499972144966,0.9441123622812186
156031,2.5631031310892007,1.0,-0.0,0.9650368366397468
156233,1.5348986686804,2.2014028808289994,0.5141022312044004,0.8611138448309655
156334,2.4319009459206082,0.85253982181483,-0.06560109258429625,0.9572486533586757
156435,2.4319009459206082,0.85253982181483,-0.06560109258429625,0.9572486533586757
156536,2.5631031310892007,1.0,-0.0,0.9650368366397468
156627,2.2489731316463013,0.7024121322144126,-0.15706499972144966,0.9441123622812186
157336,2.5631031310892007,1.0,-0.0,0.9650368366397468
157437,2.4319009459206082,1.172965736511013,0.06560109258429625,0.9572486533586757
157942,2.2489731316463013,0.7024121322144126,-0.15706499972144966,0.9441123622812186
158035,2.5631031310892007,1.0,-0.0,0.9650368366397468
158136,2.4319009459206082,0.85253982181483,-0.06560109258429625,0.9572486533586757
158338,2.4319009459206082,0.85253982181483,-0.06560109258429625,0.9572486533586757
158540,2.5631031310892007,1.0,-0.0,0.9650368366397468
159138,2.5631031310892007,1.0,-0.0,0.9650368366397468
159239,1.956041315740682,0.5522695724550625,-0.30353090767425933,0.916687507820483
159340,2.5631031310892007,1.0,-0.0,0.9650368366397468
159441,2.1231727991175147,0.6268650096300457,-0.2199651659858431,0.933362285134116
159744,2.5631031310892007,1.0,-0.0,0.9650368366397468
159946,2.5631031310892007,1.0,-0.0,0.9650368366397468
160729,2.1231727991175147,1.595239779917156,0.21996516598584304,0.933362285134116
160830,2.5631031310892007,1.0,-0.0,0.9650368366397468
161327,2.5631031310892007,1.0,-0.0,0.9650368366397468
161630,2.5631031310892007,1.0,-0.0,0.9650368366397468
161731,2.5631031310892007,1.0,-0.0,0.9650368366397468
161832,2.2489731316463013,0.7024121322144126,-0.15706499972144966,0.9441123622812186
162026,2.4319009459206082,0.85253982181483,-0.06560109258429625,0.9572486533586757
162228,2.4319009459206082,0.85253982181483,-0.06560109258429625,0.9572486533586757
162329,2.4319009459206082,1.172965736511013,0.06560109258429625,0.9572486533586757
162733,2.4319009459206082,1.172965736511013,0.06560109258429625,0.9572486533586757
162935,2.4319009459206082,0.85253982181483,-0.06560109258429625,0.9572486533586757
163129,2.5631031310892007,1.0,-0.0,0.9650368366397468
163432,2.5631031310892007,1.0,-0.0,0.9650368366397468
163836,2.117770946477709,0.8239053639971495,-0.09146390713715341,0.932867122803402
164030,2.5631031310892007,1.0,-0.0,0.9650368366397468
164131,2.1231727991175147,0.6268650096300457,-0.2199651659858431,0.933362285134116
164939,1.2815515655446004,0.4399090809725481,-0.6407757827723002,0.8175833586070742
165032,1.9919706139489222,0.7352911777136898,-0.15436407340154684,0.9205137821181946
165436,2.4319009459206082,0.85253982181483,-0.06560109258429625,0.9572486533586757
165638,2.5631031310892007,1.0,-0.0,0.9650368366397468
165840,2.4319009459206082,0.85253982181483,-0.06560109258429625,0.9572486533586757
165941,1.956041315740682,0.5522695724550625,-0.30353090767425933,0.916687507820483
166438,2.5631031310892007,1.0,-0.0,0.9650368366397468
167036,1.956041315740682,0.5522695724550625,-0.30353090767425933,0.916687507820483
167238,2.5631031310892007,1.0,-0.0,0.9650368366397468
167743,1.956041315740682,0.5522695724550625,-0.30353090767425933,0.916687507820483
168240,2.4319009459206082,0.85253982181483,-0.06560109258429625,0.9572486533586757
168745,2.5631031310892007,1.0,-0.0,0.9650368366397468
168947,2.5631031310892007,1.0,-0.0,0.9650368366397468
169040,2.4319009459206082,0.85253982181483,-0.06560109258429625,0.9572486533586757
169343,0.43072729929545744,0.9114094758506123,-0.21536364964772872,0.619653238157228
169444,2.5631031310892007,1.0,-0.0,0.9650368366397468
169545,2.5631031310892007,1.0,-0.0,0.9650368366397468
169747,1.9919706139489222,0.7352911777136898,-0.15436407340154684,0.9205137821181946
169949,2.5631031310892007,1.0,-0.0,0.9650368366397468
170631,2.5631031310892007,1.0,-0.0,0.9650368366397468
170934,2.117770946477709,0.8239053639971495,-0.09146390713715341,0.932867122803402
171532,2.4319009459206082,1.172965736511013,0.06560109258429625,0.9572486533586757
171633,2.2489731316463013,1.4236656147259543,0.15706499972144966,0.9441123622812186
171734,2.5631031310892007,1.0,-0.0,0.9650368366397468
172130,1.956041315740682,0.5522695724550625,-0.30353090767425933,0.916687507820483
172332,2.5631031310892007,1.0,-0.0,0.9650368366397468
172433,2.5631031310892007,1.0,-0.0,0.9650368366397468
172534,2.4319009459206082,1.172965736511013,0.06560109258429625,0.9572486533586757
172635,2.2489731316463013,0.7024121322144126,-0.15706499972144966,0.9441123622812186
173435,2.1231727991175147,0.6268650096300457,-0.2199651659858431,0.933362285134116
173536,1.9919706139489222,0.7352911777136898,-0.15436407340154684,0.9205137821181946
173637,2.4319009459206082,0.85253982181483,-0.06560109258429625,0.9572486533586757
173839,1.956041315740682,0.5522695724550625,-0.30353090767425933,0.916687507820483
173940,2.4319009459206082,0.85253982181483,-0.06560109258429625,0.9572486533586757
174437,2.4319009459206082,0.85253982181483,-0.06560109258429625,0.9572486533586757
174841,2.5631031310892007,1.0,-0.0,0.9650368366397468
175136,2.5631031310892007,1.0,-0.0,0.9650368366397468
175237,2.5631031310892007,1.0,-0.0,0.9650368366397468
175742,2.1231727991175147,0.6268650096300457,-0.2199651659858431,0.933362285134116
176037,2.3006987607520157,1.0,-0.0,0.948114425737803
176239,2.5631031310892007,1.0,-0.0,0.9650368366397468
176441,2.5631031310892007,1.0,-0.0,0.9650368366397468
176542,2.2489731316463013,1.4236656147259543,0.15706499972144966,0.9441123622812186
176744,2.5631031310892007,1.0,-0.0,0.9650368366397468
176845,2.5631031310892007,1.0,-0.0,0.9650368366397468
177140,1.2815515655446004,0.4399090809725481,-0.6407757827723002,0.8175833586070742
177241,2.5631031310892007,1.0,-0.0,0.9650368366397468
177645,2.5631031310892007,1.0,-0.0,0.9650368366397468
177746,2.5631031310892007,1.0,-0.0,0.9650368366397468
178142,2.5631031310892007,1.0,-0.0,0.9650368366397468
178243,1.8090427996746152,1.1205157752048598,0.06290016626439338,0.8995842935450682
178647,2.5631031310892007,1.0,-0.0,0.9650368366397468
178748,2.2489731316463013,0.7024121322144126,-0.15706499972144966,0.9441123622812186
178849,2.1231727991175147,0.6268650096300457,-0.2199651659858431,0.933362285134116
178950,2.5631031310892007,1.0,-0.0,0.9650368366397468
179245,1.956041315740682,1.8107099320257567,0.30353090767425933,0.916687507820483
179548,2.1231727991175147,1.595239779917156,0.21996516598584304,0.933362285134116
180129,1.2815515655446004,0.4399090809725481,-0.6407757827723002,0.8175833586070742
180230,2.1231727991175147,0.6268650096300457,-0.2199651659858431,0.933362285134116
180432,1.956041315740682,0.5522695724550625,-0.30353090767425933,0.916687507820483
180533,2.2489731316463013,0.7024121322144126,-0.15706499972144966,0.9441123622812186
180735,2.4319009459206082,0.85253982181483,-0.06560109258429625,0.9572486533586757
180836,2.4319009459206082,1.172965736511013,0.06560109258429625,0.9572486533586757
180937,2.5631031310892007,1.0,-0.0,0.9650368366397468
182032,2.5631031310892007,1.0,-0.0,0.9650368366397468
182436,2.2489731316463013,0.7024121322144126,-0.15706499972144966,0.9441123622812186
182739,1.5348986686804,0.45425578784716697,-0.5141022312044004,0.8611138448309655
183034,1.6832424671458286,0.9999999999999999,-5.551115123125783e-17,0.8830224224435198
183741,2.1231727991175147,0.6268650096300457,-0.2199651659858431,0.933362285134116
185038,2.5631031310892007,1.0,-0.0,0.9650368366397468
185341,1.6832424671458286,0.9999999999999999,-5.551115123125783e-17,0.8830224224435198
185442,2.5631031310892007,1.0,-0.0,0.9650368366397468
185947,2.4319009459206082,0.85253982181483,-0.06560109258429625,0.9572486533586757
186040,2.5631031310892007,1.0,-0.0,0.9650368366397468
186141,1.5810766796714655,0.5661541742028413,-0.35981104054027513,0.868214376759882
186444,2.4319009459206082,0.85253982181483,-0.06560109258429625,0.9572486533586757
186949,1.3489795003921634,1.0,-0.0,0.8299259206996668
187143,2.4319009459206082,0.85253982181483,-0.06560109258429625,0.9572486533586757
187547,2.3006987607520157,1.0,-0.0,0.948114425737803
187850,2.1231727991175147,1.595239779917156,0.21996516598584304,0.933362285134116
188347,1.9919706139489222,1.3600054377225008,0.1543640734015468,0.9205137821181946
188448,2.5631031310892007,1.0,-0.0,0.9650368366397468
188549,2.5631031310892007,1.0,-0.0,0.9650368366397468
188751,2.5631031310892007,1.0,-0.0,0.9650368366397468
189450,2.1231727991175147,1.595239779917156,0.21996516598584304,0.933362285134116
189652,1.956041315740682,0.5522695724550625,-0.30353090767425933,0.916687507820483
191033,2.5631031310892007,1.0,-0.0,0.9650368366397468
191336,2.5631031310892007,1.0,-0.0,0.9650368366397468
191437,2.5631031310892007,1.0,-0.0,0.9650368366397468
191942,2.5631031310892007,1.0,-0.0,0.9650368366397468
192035,1.516110983768996,1.1350706989765453,0.08356574168841624,0.8581517419970113
192237,2.4319009459206082,0.85253982181483,-0.06560109258429625,0.9572486533586757
192540,2.5631031310892007,1.0,-0.0,0.9650368366397468
192641,2.1231727991175147,0.6268650096300457,-0.2199651659858431,0.933362285134116
192843,2.1231727991175147,0.6268650096300457,-0.2199651659858431,0.933362285134116
193239,2.5631031310892007,1.0,-0.0,0.9650368366397468
193845,2.5631031310892007,1.0,-0.0,0.9650368366397468
194140,2.4319009459206082,0.85253982181483,-0.06560109258429625,0.9572486533586757
194443,2.1231727991175147,1.595239779917156,0.21996516598584304,0.933362285134116
194645,2.3006987607520157,1.0,-0.0,0.948114425737803
194746,2.4319009459206082,0.85253982181483,-0.06560109258429625,0.9572486533586757
194847,2.5631031310892007,1.0,-0.0,0.9650368366397468
195041,2.5631031310892007,1.0,-0.0,0.9650368366397468
195647,2.2489731316463013,0.7024121322144126,-0.15706499972144966,0.9441123622812186
195849,2.5631031310892007,1.0,-0.0,0.9650368366397468
196144,2.117770946477709,1.2137316295023657,0.09146390713715341,0.932867122803402
196346,2.4319009459206082,0.85253982181483,-0.06560109258429625,0.9572486533586757
196750,2.1231727991175147,1.595239779917156,0.21996516598584304,0.933362285134116
196851,1.5348986686804,2.2014028808289994,0.5141022312044004,0.8611138448309655
196952,2.5631031310892007,1.0,-0.0,0.9650368366397468
197348,2.4319009459206082,1.172965736511013,0.06560109258429625,0.9572486533586757
197550,2.2489731316463013,0.7024121322144126,-0.15706499972144966,0.9441123622812186
197651,2.5631031310892007,1.0,-0.0,0.9650368366397468
198047,2.5631031310892007,1.0,-0.0,0.9650368366397468
198249,2.5631031310892007,1.0,-0.0,0.9650368366397468
198350,1.956041315740682,0.5522695724550625,-0.30353090767425933,0.916687507820483
198451,2.4319009459206082,0.85253982181483,-0.06560109258429625,0.9572486533586757
198653,1.956041315740682,0.5522695724550625,-0.30353090767425933,0.916687507820483
198855,1.956041315740682,0.5522695724550625,-0.30353090767425933,0.916687507820483
199251,2.4319009459206082,1.172965736511013,0.06560109258429625,0.9572486533586757
199352,2.5631031310892007,1.0,-0.0,0.9650368366397468
199453,2.5631031310892007,1.0,-0.0,0.9650368366397468
199655,2.4319009459206082,0.85253982181483,-0.06560109258429625,0.9572486533586757
199958,2.2489731316463013,0.7024121322144126,-0.15706499972144966,0.9441123622812186
200008,2.5631031310892007,1.0,-0.0,0.9650368366397468
200109,2.2489731316463013,1.4236656147259543,0.15706499972144966,0.9441123622812186
200210,2.5631031310892007,1.0,-0.0,0.9650368366397468
200311,2.1231727991175147,0.6268650096300457,-0.2199651659858431,0.933362285134116
200513,2.5631031310892007,1.0,-0.0,0.9650368366397468
200614,2.5631031310892007,1.0,-0.0,0.9650368366397468
200917,2.1231727991175147,1.595239779917156,0.21996516598584304,0.933362285134116
201111,2.4319009459206082,0.85253982181483,-0.06560109258429625,0.9572486533586757
201414,2.4319009459206082,0.85253982181483,-0.06560109258429625,0.9572486533586757
201515,1.712278864840058,0.48266897879461257,-0.4254121331245714,0.8870070663184544
201818,2.4319009459206082,0.85253982181483,-0.06560109258429625,0.9572486533586757
202113,2.1231727991175147,1.595239779917156,0.21996516598584304,0.933362285134116
202719,2.2489731316463013,0.7024121322144126,-0.15706499972144966,0.9441123622812186
202820,0.6840744024312573,1.0625488804052512,0.08869009807982892,0.6857054473263375
203418,2.5631031310892007,1.0,-0.0,0.9650368366397468
203923,2.4319009459206082,1.172965736511013,0.06560109258429625,0.9572486533586757
204016,2.5631031310892007,1.0,-0.0,0.9650368366397468
204218,1.5348986686804,2.2014028808289994,0.5141022312044004,0.8611138448309655
204319,2.5631031310892007,1.0,-0.0,0.9650368366397468
204521,1.5348986686804,0.45425578784716697,-0.5141022312044004,0.8611138448309655
204622,2.4319009459206082,1.172965736511013,0.06560109258429625,0.9572486533586757
205119,2.2489731316463013,0.7024121322144126,-0.15706499972144966,0.9441123622812186
205220,2.5631031310892007,1.0,-0.0,0.9650368366397468
205725,2.4319009459206082,0.85253982181483,-0.06560109258429625,0.9572486533586757
205826,2.4319009459206082,0.85253982181483,-0.06560109258429625,0.9572486533586757
206222,2.5631031310892007,1.0,-0.0,0.9650368366397468
206323,1.9919706139489222,0.7352911777136898,-0.15436407340154684,0.9205137821181946
206525,2.5631031310892007,1.0,-0.0,0.9650368366397468
206727,2.5631031310892007,1.0,-0.0,0.9650368366397468
206828,2.5631031310892007,1.0,-0.0,0.9650368366397468
206929,2.5631031310892007,1.0,-0.0,0.9650368366397468
207123,2.5631031310892007,1.0,-0.0,0.9650368366397468
207426,2.5631031310892007,1.0,-0.0,0.9650368366397468
208024,2.117770946477709,1.2137316295023657,0.09146390713715341,0.932867122803402
208125,2.4319009459206082,0.85253982181483,-0.06560109258429625,0.9572486533586757
208327,2.4319009459206082,0.85253982181483,-0.06560109258429625,0.9572486533586757
208428,1.094968336708714,1.3799824380904808,0.2941370652185572,0.7806113363624718
208630,1.5348986686804,0.45425578784716697,-0.5141022312044004,0.8611138448309655
209127,2.1231727991175147,1.595239779917156,0.21996516598584304,0.933362285134116
209228,2.3006987607520157,1.0,-0.0,0.948114425737803
209329,2.5631031310892007,1.0,-0.0,0.9650368366397468
209834,2.5631031310892007,1.0,-0.0,0.9650368366397468
209935,2.4319009459206082,1.172965736511013,0.06560109258429625,0.9572486533586757
210011,2.5631031310892007,1.0,-0.0,0.9650368366397468
210112,2.5631031310892007,1.0,-0.0,0.9650368366397468
210415,2.3006987607520157,1.0,-0.0,0.948114425737803
210617,2.1231727991175147,0.6268650096300457,-0.2199651659858431,0.933362285134116
211114,1.4036964835118075,0.5328264747565427,-0.4485011386201041,0.8395385919483802
211316,1.956041315740682,0.5522695724550625,-0.30353090767425933,0.916687507820483
211417,2.1231727991175147,0.6268650096300457,-0.2199651659858431,0.933362285134116
211821,2.5631031310892007,1.0,-0.0,0.9650368366397468
211922,2.5631031310892007,1.0,-0.0,0.9650368366397468
212116,2.5631031310892007,1.0,-0.0,0.9650368366397468
212318,2.4319009459206082,0.85253982181483,-0.06560109258429625,0.9572486533586757
212419,2.5631031310892007,1.0,-0.0,0.9650368366397468
212823,2.5631031310892007,1.0,-0.0,0.9650368366397468
213017,2.4319009459206082,0.85253982181483,-0.06560109258429625,0.9572486533586757
213421,2.2489731316463013,0.7024121322144126,-0.15706499972144966,0.9441123622812186
214423,2.4319009459206082,0.85253982181483,-0.06560109258429625,0.9572486533586757
214625,2.5631031310892007,1.0,-0.0,0.9650368366397468
214726,2.5631031310892007,1.0,-0.0,0.9650368366397468
217126,2.5631031310892007,1.0,-0.0,0.9650368366397468
217429,2.4319009459206082,0.85253982181483,-0.06560109258429625,0.9572486533586757
219231,2.4319009459206082,0.85253982181483,-0.06560109258429625,0.9572486533586757
220721,1.094968336708714,0.7246469030314089,-0.2941370652185573,0.7806113363624718
223929,2.4319009459206082,0.85253982181483,-0.06560109258429625,0.9572486533586757
227533,2.2489731316463013,0.7024121322144126,-0.15706499972144966,0.9441123622812186
228434,2.5631031310892007,1.0,-0.0,0.9650368366397468
231928,2.5631031310892007,1.0,-0.0,0.9650368366397468
236130,2.5631031310892007,1.0,-0.0,0.9650368366397468
237334,1.956041315740682,0.5522695724550625,-0.30353090767425933,0.916687507820483
238033,2.5631031310892007,1.0,-0.0,0.9650368366397468
239136,2.1231727991175147,1.595239779917156,0.21996516598584304,0.933362285134116
239944,2.5631031310892007,1.0,-0.0,0.9650368366397468
245333,2.5631031310892007,1.0,-0.0,0.9650368366397468
246133,2.5631031310892007,1.0,-0.0,0.9650368366397468
248238,2.1231727991175147,1.595239779917156,0.21996516598584304,0.933362285134116
248339,2.4319009459206082,1.172965736511013,0.06560109258429625,0.9572486533586757
249947,2.4319009459206082,0.85253982181483,-0.06560109258429625,0.9572486533586757
250427,1.712278864840058,0.48266897879461257,-0.4254121331245714,0.8870070663184544
250932,2.4319009459206082,1.172965736511013,0.06560109258429625,0.9572486533586757
251833,2.1231727991175147,0.6268650096300457,-0.2199651659858431,0.933362285134116
255639,2.4319009459206082,0.85253982181483,-0.06560109258429625,0.9572486533586757
255740,2.5631031310892007,1.0,-0.0,0.9650368366397468
256540,2.3006987607520157,1.0,-0.0,0.948114425737803
257542,2.4319009459206082,0.85253982181483,-0.06560109258429625,0.9572486533586757
257946,2.1231727991175147,0.6268650096300457,-0.2199651659858431,0.933362285134116
263436,2.1231727991175147,0.6268650096300457,-0.2199651659858431,0.933362285134116
268749,2.5631031310892007,1.0,-0.0,0.9650368366397468
268850,1.9919706139489222,1.3600054377225008,0.1543640734015468,0.9205137821181946
270332,2.2489731316463013,0.7024121322144126,-0.15706499972144966,0.9441123622812186
274542,1.6832424671458286,0.9999999999999999,-5.551115123125783e-17,0.8830224224435198
275645,2.5631031310892007,1.0,-0.0,0.9650368366397468
280941,2.5631031310892007,1.0,-0.0,0.9650368366397468
281135,2.4319009459206082,1.172965736511013,0.06560109258429625,0.9572486533586757
283543,2.5631031310892007,1.0,-0.0,0.9650368366397468
286347,2.4319009459206082,0.85253982181483,-0.06560109258429625,0.9572486533586757
286650,2.1231727991175147,1.595239779917156,0.21996516598584304,0.933362285134116
290136,2.5631031310892007,1.0,-0.0,0.9650368366397468
293748,2.5631031310892007,1.0,-0.0,0.9650368366397468
295146,2.4319009459206082,1.172965736511013,0.06560109258429625,0.9572486533586757
297655,2.5631031310892007,1.0,-0.0,0.9650368366397468
298051,2.5631031310892007,1.0,-0.0,0.9650368366397468
298455,2.4319009459206082,0.85253982181483,-0.06560109258429625,0.9572486533586757
299154,2.4319009459206082,1.172965736511013,0.06560109258429625,0.9572486533586757
299760,2.5631031310892007,1.0,-0.0,0.9650368366397468
300719,2.1231727991175147,0.6268650096300457,-0.2199651659858431,0.933362285134116
303119,2.3006987607520157,1.0,-0.0,0.948114425737803
303624,2.5631031310892007,1.0,-0.0,0.9650368366397468
304020,1.5348986686804,0.45425578784716697,-0.5141022312044004,0.8611138448309655
304727,2.1231727991175147,1.595239779917156,0.21996516598584304,0.933362285134116
305830,2.5631031310892007,1.0,-0.0,0.9650368366397468
307127,2.2489731316463013,0.7024121322144126,-0.15706499972144966,0.9441123622812186
308331,2.5631031310892007,1.0,-0.0,0.9650368366397468
309636,2.5631031310892007,1.0,-0.0,0.9650368366397468
310621,2.2489731316463013,0.7024121322144126,-0.15706499972144966,0.9441123622812186
316633,2.5631031310892007,1.0,-0.0,0.9650368366397468
316835,2.5631031310892007,1.0,-0.0,0.9650368366397468
321323,2.3006987607520157,1.0,-0.0,0.948114425737803
322224,2.5631031310892007,1.0,-0.0,0.9650368366397468
325129,2.4319009459206082,0.85253982181483,-0.06560109258429625,0.9572486533586757
329844,2.5631031310892007,1.0,-0.0,0.9650368366397468
330324,2.5631031310892007,1.0,-0.0,0.9650368366397468
333330,2.5631031310892007,1.0,-0.0,0.9650368366397468
336841,2.4319009459206082,0.85253982181483,-0.06560109258429625,0.9572486533586757
339847,2.4319009459206082,0.85253982181483,-0.06560109258429625,0.9572486533586757
346137,2.5631031310892007,1.0,-0.0,0.9650368366397468
346945,1.956041315740682,1.8107099320257567,0.30353090767425933,0.916687507820483
348545,2.5631031310892007,1.0,-0.0,0.9650368366397468
349244,2.4319009459206082,0.85253982181483,-0.06560109258429625,0.9572486533586757
350330,2.5631031310892007,1.0,-0.0,0.9650368366397468
351938,2.4319009459206082,0.85253982181483,-0.06560109258429625,0.9572486533586757
352132,2.5631031310892007,1.0,-0.0,0.9650368366397468
352738,2.4319009459206082,0.85253982181483,-0.06560109258429625,0.9572486533586757
353740,2.4319009459206082,0.85253982181483,-0.06560109258429625,0.9572486533586757
355239,2.5631031310892007,1.0,-0.0,0.9650368366397468
356948,1.4036964835118075,0.5328264747565427,-0.4485011386201041,0.8395385919483802
358144,2.1231727991175147,1.595239779917156,0.21996516598584304,0.933362285134116
360030,2.4319009459206082,1.172965736511013,0.06560109258429625,0.9572486533586757
361234,2.1231727991175147,1.595239779917156,0.21996516598584304,0.933362285134116
361941,2.5631031310892007,1.0,-0.0,0.9650368366397468
365343,2.4319009459206082,0.85253982181483,-0.06560109258429625,0.9572486533586757
366042,2.5631031310892007,1.0,-0.0,0.9650368366397468
368753,2.5631031310892007,1.0,-0.0,0.9650368366397468
371843,2.5631031310892007,1.0,-0.0,0.9650368366397468
376247,2.4319009459206082,0.85253982181483,-0.06560109258429625,0.9572486533586757
377451,2.4319009459206082,1.172965736511013,0.06560109258429625,0.9572486533586757
378756,2.4319009459206082,0.85253982181483,-0.06560109258429625,0.9572486533586757
380036,2.1231727991175147,0.6268650096300457,-0.2199651659858431,0.933362285134116
381038,2.4319009459206082,0.85253982181483,-0.06560109258429625,0.9572486533586757
381543,2.5631031310892007,1.0,-0.0,0.9650368366397468
382242,2.5631031310892007,1.0,-0.0,0.9650368366397468
385046,2.5631031310892007,1.0,-0.0,0.9650368366397468
385450,2.5631031310892007,1.0,-0.0,0.9650368366397468
386250,2.5631031310892007,1.0,-0.0,0.9650368366397468
387959,2.3006987607520157,1.0,-0.0,0.948114425737803
389357,2.4319009459206082,1.172965736511013,0.06560109258429625,0.9572486533586757
390645,1.272348532868372,0.7699727555051562,-0.20544696713872837,0.8158563854395015
391748,2.5631031310892007,1.0,-0.0,0.9650368366397468
392447,2.5631031310892007,1.0,-0.0,0.9650368366397468
392750,2.1231727991175147,0.6268650096300457,-0.2199651659858431,0.933362285134116
393247,2.5631031310892007,1.0,-0.0,0.9650368366397468
393550,2.1231727991175147,0.6268650096300457,-0.2199651659858431,0.933362285134116
395251,2.1231727991175147,0.6268650096300457,-0.2199651659858431,0.933362285134116
395756,2.5631031310892007,1.0,-0.0,0.9650368366397468
395958,2.1231727991175147,1.595239779917156,0.21996516598584304,0.933362285134116
397154,2.5631031310892007,1.0,-0.0,0.9650368366397468
397760,2.5631031310892007,1.0,-0.0,0.9650368366397468
397861,2.5631031310892007,1.0,-0.0,0.9650368366397468
401422,2.4319009459206082,0.85253982181483,-0.06560109258429625,0.9572486533586757
406432,2.1231727991175147,0.6268650096300457,-0.2199651659858431,0.933362285134116
406836,2.5631031310892007,1.0,-0.0,0.9650368366397468
412528,2.5631031310892007,1.0,-0.0,0.9650368366397468
413934,2.4319009459206082,0.85253982181483,-0.06560109258429625,0.9572486533586757
414229,2.5631031310892007,1.0,-0.0,0.9650368366397468
415837,2.5631031310892007,1.0,-0.0,0.9650368366397468
419239,2.4319009459206082,0.85253982181483,-0.06560109258429625,0.9572486533586757
421226,2.2489731316463013,0.7024121322144126,-0.15706499972144966,0.9441123622812186
429040,2.4319009459206082,0.85253982181483,-0.06560109258429625,0.9572486533586757
432332,2.5631031310892007,1.0,-0.0,0.9650368366397468
433839,2.5631031310892007,1.0,-0.0,0.9650368366397468
436239,2.5631031310892007,1.0,-0.0,0.9650368366397468
441939,2.5631031310892007,1.0,-0.0,0.9650368366397468
445543,1.6832424671458286,0.9999999999999999,-5.551115123125783e-17,0.8830224224435198
449753,2.5631031310892007,1.0,-0.0,0.9650368366397468
453441,2.5631031310892007,1.0,-0.0,0.9650368366397468
453542,1.9919706139489222,1.3600054377225008,0.1543640734015468,0.9205137821181946
454140,2.2489731316463013,0.7024121322144126,-0.15706499972144966,0.9441123622812186
456346,1.956041315740682,0.5522695724550625,-0.30353090767425933,0.916687507820483
459453,2.4319009459206082,0.85253982181483,-0.06560109258429625,0.9572486533586757
461743,1.712278864840058,0.48266897879461257,-0.4254121331245714,0.8870070663184544
462139,2.2489731316463013,0.7024121322144126,-0.15706499972144966,0.9441123622812186
463040,2.4319009459206082,1.172965736511013,0.06560109258429625,0.9572486533586757
465852,2.1231727991175147,1.595239779917156,0.21996516598584304,0.933362285134116
467351,2.5631031310892007,1.0,-0.0,0.9650368366397468
468050,2.4319009459206082,0.85253982181483,-0.06560109258429625,0.9572486533586757
469961,2.4319009459206082,0.85253982181483,-0.06560109258429625,0.9572486533586757
473952,2.1231727991175147,1.595239779917156,0.21996516598584304,0.933362285134116
475855,1.8248391305720895,1.5437023228075817,0.23792981508996308,0.9015364806424393
480141,2.1231727991175147,0.6268650096300457,-0.2199651659858431,0.933362285134116
481042,2.5631031310892007,1.0,-0.0,0.9650368366397468
481951,2.4319009459206082,0.85253982181483,-0.06560109258429625,0.9572486533586757
485757,1.956041315740682,0.5522695724550625,-0.30353090767425933,0.916687507820483
486759,2.5631031310892007,1.0,-0.0,0.9650368366397468
495255,2.5631031310892007,1.0,-0.0,0.9650368366397468
499566,2.5631031310892007,1.0,-0.0,0.9650368366397468
506234,2.4319009459206082,1.172965736511013,0.06560109258429625,0.9572486533586757
510326,2.1231727991175147,0.6268650096300457,-0.2199651659858431,0.933362285134116
512835,2.5631031310892007,1.0,-0.0,0.9650368366397468
513130,2.5631031310892007,1.0,-0.0,0.9650368366397468
513736,2.5631031310892007,1.0,-0.0,0.9650368366397468
516742,2.5631031310892007,1.0,-0.0,0.9650368366397468
517239,2.5631031310892007,1.0,-0.0,0.9650368366397468
518746,2.1231727991175147,0.6268650096300457,-0.2199651659858431,0.933362285134116
519647,2.4319009459206082,0.85253982181483,-0.06560109258429625,0.9572486533586757
519950,1.8248391305720895,0.6477932858073747,-0.23792981508996308,0.9015364806424393
520228,1.9919706139489222,0.7352911777136898,-0.15436407340154684,0.9205137821181946
522434,2.5631031310892007,1.0,-0.0,0.9650368366397468
523032,2.5631031310892007,1.0,-0.0,0.9650368366397468
525541,2.5631031310892007,1.0,-0.0,0.9650368366397468
529549,2.4319009459206082,0.85253982181483,-0.06560109258429625,0.9572486533586757
529953,1.6832424671458286,0.9999999999999999,-5.551115123125783e-17,0.8830224224435198
530635,2.4319009459206082,1.172965736511013,0.06560109258429625,0.9572486533586757
531536,2.5631031310892007,1.0,-0.0,0.9650368366397468
540436,2.4319009459206082,0.85253982181483,-0.06560109258429625,0.9572486533586757
541640,2.3006987607520157,1.0,-0.0,0.948114425737803
541943,2.5631031310892007,1.0,-0.0,0.9650368366397468
545345,2.1231727991175147,0.6268650096300457,-0.2199651659858431,0.933362285134116
547046,2.1231727991175147,1.595239779917156,0.21996516598584304,0.933362285134116
548250,2.5631031310892007,1.0,-0.0,0.9650368366397468
550439,2.4319009459206082,0.85253982181483,-0.06560109258429625,0.9572486533586757
552544,2.4319009459206082,0.85253982181483,-0.06560109258429625,0.9572486533586757
553344,2.5631031310892007,1.0,-0.0,0.9650368366397468
555348,2.1231727991175147,1.595239779917156,0.21996516598584304,0.933362285134116
555651,2.5631031310892007,1.0,-0.0,0.9650368366397468
555954,2.5631031310892007,1.0,-0.0,0.9650368366397468
557857,2.5631031310892007,1.0,-0.0,0.9650368366397468
558657,1.956041315740682,0.5522695724550625,-0.30353090767425933,0.916687507820483
558960,2.4319009459206082,1.172965736511013,0.06560109258429625,0.9572486533586757
559053,2.2489731316463013,0.7024121322144126,-0.15706499972144966,0.9441123622812186
559457,2.2489731316463013,0.7024121322144126,-0.15706499972144966,0.9441123622812186
561242,2.2489731316463013,0.7024121322144126,-0.15706499972144966,0.9441123622812186
561444,2.5631031310892007,1.0,-0.0,0.9650368366397468
561949,2.5631031310892007,1.0,-0.0,0.9650368366397468
562446,2.5631031310892007,1.0,-0.0,0.9650368366397468
565452,2.3006987607520157,1.0,-0.0,0.948114425737803
566454,2.5631031310892007,1.0,-0.0,0.9650368366397468
567052,2.1231727991175147,0.6268650096300457,-0.2199651659858431,0.933362285134116
567759,2.4319009459206082,0.85253982181483,-0.06560109258429625,0.9572486533586757
568963,2.5631031310892007,1.0,-0.0,0.9650368366397468
570243,2.5631031310892007,1.0,-0.0,0.9650368366397468
571144,2.5631031310892007,1.0,-0.0,0.9650368366397468
571548,2.5631031310892007,1.0,-0.0,0.9650368366397468
572045,2.5631031310892007,1.0,-0.0,0.9650368366397468
573249,2.1231727991175147,0.6268650096300457,-0.2199651659858431,0.933362285134116
573451,2.4319009459206082,0.85253982181483,-0.06560109258429625,0.9572486533586757
576255,2.4319009459206082,0.85253982181483,-0.06560109258429625,0.9572486533586757
578057,2.1231727991175147,0.6268650096300457,-0.2199651659858431,0.933362285134116
579867,2.5631031310892007,1.0,-0.0,0.9650368366397468
580044,2.5631031310892007,1.0,-0.0,0.9650368366397468
580347,2.5631031310892007,1.0,-0.0,0.9650368366397468
580560,2.1231727991175147,1.595239779917156,0.21996516598584304,0.933362285134116
580751,2.4319009459206082,0.85253982181483,-0.06560109258429625,0.9572486533586757
581349,0.8970022772402082,1.8767836197646086,0.7018482417559038,0.737049770011727
581450,2.5631031310892007,1.0,-0.0,0.9650368366397468
583858,2.4319009459206082,0.85253982181483,-0.06560109258429625,0.9572486533586757
585862,2.4319009459206082,0.85253982181483,-0.06560109258429625,0.9572486533586757
587664,2.117770946477709,0.8239053639971495,-0.09146390713715341,0.932867122803402
588565,2.4319009459206082,0.85253982181483,-0.06560109258429625,0.9572486533586757
590047,2.4319009459206082,0.85253982181483,-0.06560109258429625,0.9572486533586757
592455,2.4319009459206082,0.85253982181483,-0.06560109258429625,0.9572486533586757
594156,2.2489731316463013,0.7024121322144126,-0.15706499972144966,0.9441123622812186
597869,2.5631031310892007,1.0,-0.0,0.9650368366397468
598568,2.4319009459206082,0.85253982181483,-0.06560109258429625,0.9572486533586757
599065,2.5631031310892007,1.0,-0.0,0.9650368366397468
599469,2.4319009459206082,0.85253982181483,-0.06560109258429625,0.9572486533586757
599671,2.2489731316463013,0.7024121322144126,-0.15706499972144966,0.9441123622812186
601127,2.5631031310892007,1.0,-0.0,0.9650368366397468
604537,2.5631031310892007,1.0,-0.0,0.9650368366397468
609143,2.5631031310892007,1.0,-0.0,0.9650368366397468
611938,2.5631031310892007,1.0,-0.0,0.9650368366397468
613538,2.5631031310892007,1.0,-0.0,0.9650368366397468
614439,2.2489731316463013,0.7024121322144126,-0.15706499972144966,0.9441123622812186
615744,2.4319009459206082,1.172965736511013,0.06560109258429625,0.9572486533586757
616645,2.4319009459206082,0.85253982181483,-0.06560109258429625,0.9572486533586757
618952,2.5631031310892007,1.0,-0.0,0.9650368366397468
620434,2.4319009459206082,0.85253982181483,-0.06560109258429625,0.9572486533586757
622236,2.5631031310892007,1.0,-0.0,0.9650368366397468
623844,2.1231727991175147,0.6268650096300457,-0.2199651659858431,0.933362285134116
626648,2.3006987607520157,1.0,-0.0,0.948114425737803
628248,2.4319009459206082,0.85253982181483,-0.06560109258429625,0.9572486533586757
634748,2.4319009459206082,0.85253982181483,-0.06560109258429625,0.9572486533586757
635245,2.4319009459206082,0.85253982181483,-0.06560109258429625,0.9572486533586757
638049,2.4319009459206082,0.85253982181483,-0.06560109258429625,0.9572486533586757
644044,2.4319009459206082,1.172965736511013,0.06560109258429625,0.9572486533586757
644246,2.4319009459206082,1.172965736511013,0.06560109258429625,0.9572486533586757
645450,2.5631031310892007,1.0,-0.0,0.9650368366397468
645551,2.2489731316463013,0.7024121322144126,-0.15706499972144966,0.9441123622812186
647858,2.5631031310892007,1.0,-0.0,0.9650368366397468
654350,2.5631031310892007,1.0,-0.0,0.9650368366397468
654552,2.5631031310892007,1.0,-0.0,0.9650368366397468
654754,2.4319009459206082,1.172965736511013,0.06560109258429625,0.9572486533586757
656253,1.956041315740682,0.5522695724550625,-0.30353090767425933,0.916687507820483
656657,2.4319009459206082,0.85253982181483,-0.06560109258429625,0.9572486533586757
657659,2.5631031310892007,1.0,-0.0,0.9650368366397468
660951,2.5631031310892007,1.0,-0.0,0.9650368366397468
663755,2.4319009459206082,0.85253982181483,-0.06560109258429625,0.9572486533586757
664757,2.1231727991175147,1.595239779917156,0.21996516598584304,0.933362285134116
665254,2.4319009459206082,0.85253982181483,-0.06560109258429625,0.9572486533586757
667056,2.5631031310892007,1.0,-0.0,0.9650368366397468
668361,0.8416212335729142,1.424987654822166,0.4208106167864571,0.724117060095737
671855,2.4319009459206082,1.172965736511013,0.06560109258429625,0.9572486533586757
672756,2.5631031310892007,1.0,-0.0,0.9650368366397468
673455,2.5631031310892007,1.0,-0.0,0.9650368366397468
675661,2.5631031310892007,1.0,-0.0,0.9650368366397468
677766,2.4319009459206082,1.172965736511013,0.06560109258429625,0.9572486533586757
679568,2.4319009459206082,0.85253982181483,-0.06560109258429625,0.9572486533586757
680250,2.5631031310892007,1.0,-0.0,0.9650368366397468
683256,2.1231727991175147,1.595239779917156,0.21996516598584304,0.933362285134116
686969,2.5631031310892007,1.0,-0.0,0.9650368366397468
688569,2.4319009459206082,0.85253982181483,-0.06560109258429625,0.9572486533586757
689470,1.956041315740682,0.5522695724550625,-0.30353090767425933,0.916687507820483
692694,2.5631031310892007,1.0,-0.0,0.9650368366397468
693764,2.5631031310892007,1.0,-0.0,0.9650368366397468
694362,2.5631031310892007,1.0,-0.0,0.9650368366397468
695768,2.5631031310892007,1.0,-0.0,0.9650368366397468
698168,2.5631031310892007,1.0,-0.0,0.9650368366397468
702133,2.5631031310892007,1.0,-0.0,0.9650368366397468
705341,2.5631031310892007,1.0,-0.0,0.9650368366397468
709551,2.5631031310892007,1.0,-0.0,0.9650368366397468
713239,2.4319009459206082,1.172965736511013,0.06560109258429625,0.9572486533586757
715041,1.516110983768996,1.1350706989765453,0.08356574168841624,0.8581517419970113
715647,2.5631031310892007,1.0,-0.0,0.9650368366397468
720337,2.4319009459206082,0.85253982181483,-0.06560109258429625,0.9572486533586757
723141,2.5631031310892007,1.0,-0.0,0.9650368366397468
724446,2.5631031310892007,1.0,-0.0,0.9650368366397468
725751,2.5631031310892007,1.0,-0.0,0.9650368366397468
727553,2.117770946477709,1.2137316295023657,0.09146390713715341,0.932867122803402
727654,2.4319009459206082,0.85253982181483,-0.06560109258429625,0.9572486533586757
728454,2.5631031310892007,1.0,-0.0,0.9650368366397468
729254,2.5631031310892007,1.0,-0.0,0.9650368366397468
729557,2.2489731316463013,0.7024121322144126,-0.15706499972144966,0.9441123622812186
731140,2.5631031310892007,1.0,-0.0,0.9650368366397468
732243,2.5631031310892007,1.0,-0.0,0.9650368366397468
734045,2.1231727991175147,0.6268650096300457,-0.2199651659858431,0.933362285134116
735148,2.1231727991175147,1.595239779917156,0.21996516598584304,0.933362285134116
737960,0.6070618153485187,0.5522695724550625,-0.978020657870341,0.6661320885093241
744553,1.6832424671458286,0.9999999999999999,-5.551115123125783e-17,0.8830224224435198
748258,2.1231727991175147,1.595239779917156,0.21996516598584304,0.933362285134116
749361,1.956041315740682,0.5522695724550625,-0.30353090767425933,0.916687507820483
751348,1.956041315740682,0.5522695724550625,-0.30353090767425933,0.916687507820483
751550,2.4319009459206082,0.85253982181483,-0.06560109258429625,0.9572486533586757
753150,2.1231727991175147,1.595239779917156,0.21996516598584304,0.933362285134116
753251,2.1231727991175147,1.595239779917156,0.21996516598584304,0.933362285134116
756055,2.5631031310892007,1.0,-0.0,0.9650368366397468
757764,2.5631031310892007,1.0,-0.0,0.9650368366397468
759869,2.5631031310892007,1.0,-0.0,0.9650368366397468
761957,2.1231727991175147,1.595239779917156,0.21996516598584304,0.933362285134116
763557,2.5631031310892007,1.0,-0.0,0.9650368366397468
765056,2.5631031310892007,1.0,-0.0,0.9650368366397468
765864,2.2489731316463013,0.7024121322144126,-0.15706499972144966,0.9441123622812186
767464,2.4319009459206082,0.85253982181483,-0.06560109258429625,0.9572486533586757
769064,2.4319009459206082,1.172965736511013,0.06560109258429625,0.9572486533586757
770352,2.5631031310892007,1.0,-0.0,0.9650368366397468
771354,2.5631031310892007,1.0,-0.0,0.9650368366397468
773257,2.5631031310892007,1.0,-0.0,0.9650368366397468
774663,2.5631031310892007,1.0,-0.0,0.9650368366397468
779370,2.1231727991175147,1.595239779917156,0.21996516598584304,0.933362285134116
782561,2.5631031310892007,1.0,-0.0,0.9650368366397468
783462,2.2489731316463013,0.7024121322144126,-0.15706499972144966,0.9441123622812186
784565,2.5631031310892007,1.0,-0.0,0.9650368366397468
786569,2.5631031310892007,1.0,-0.0,0.9650368366397468
788674,2.5631031310892007,1.0,-0.0,0.9650368366397468
788876,2.2489731316463013,0.7024121322144126,-0.15706499972144966,0.9441123622812186
789373,2.5631031310892007,1.0,-0.0,0.9650368366397468
792564,2.5631031310892007,1.0,-0.0,0.9650368366397468
792867,1.5348986686804,0.45425578784716697,-0.5141022312044004,0.8611138448309655
796534,2.5631031310892007,1.0,-0.0,0.9650368366397468
800941,2.3006987607520157,1.0,-0.0,0.948114425737803
814548,1.956041315740682,0.5522695724550625,-0.30353090767425933,0.916687507820483
814649,2.5631031310892007,1.0,-0.0,0.9650368366397468
815247,2.5631031310892007,1.0,-0.0,0.9650368366397468
816653,2.4319009459206082,1.172965736511013,0.06560109258429625,0.9572486533586757
818455,2.4319009459206082,0.85253982181483,-0.06560109258429625,0.9572486533586757
818859,2.1231727991175147,0.6268650096300457,-0.2199651659858431,0.933362285134116
820745,2.5631031310892007,1.0,-0.0,0.9650368366397468
825048,2.4319009459206082,0.85253982181483,-0.06560109258429625,0.9572486533586757
826353,2.5631031310892007,1.0,-0.0,0.9650368366397468
826454,2.4319009459206082,0.85253982181483,-0.06560109258429625,0.9572486533586757
827052,2.4319009459206082,0.85253982181483,-0.06560109258429625,0.9572486533586757
833148,2.1231727991175147,0.6268650096300457,-0.2199651659858431,0.933362285134116
833249,1.8090427996746152,1.1205157752048598,0.06290016626439338,0.8995842935450682
835657,2.5631031310892007,1.0,-0.0,0.9650368366397468
837560,1.272348532868372,0.7699727555051562,-0.20544696713872837,0.8158563854395015
841349,1.9919706139489222,1.3600054377225008,0.1543640734015468,0.9205137821181946
844961,2.4319009459206082,0.85253982181483,-0.06560109258429625,0.9572486533586757
845458,2.5631031310892007,1.0,-0.0,0.9650368366397468
849971,2.5631031310892007,1.0,-0.0,0.9650368366397468
852455,2.5631031310892007,1.0,-0.0,0.9650368366397468
856463,2.117770946477709,1.2137316295023657,0.09146390713715341,0.932867122803402
856766,2.4319009459206082,0.85253982181483,-0.06560109258429625,0.9572486533586757
856968,2.4319009459206082,0.85253982181483,-0.06560109258429625,0.9572486533586757
857263,1.6832424671458286,0.9999999999999999,-5.551115123125783e-17,0.8830224224435198
859671,2.5631031310892007,1.0,-0.0,0.9650368366397468
861456,2.5631031310892007,1.0,-0.0,0.9650368366397468
865363,2.5631031310892007,1.0,-0.0,0.9650368366397468
869472,2.4319009459206082,1.172965736511013,0.06560109258429625,0.9572486533586757
870861,2.4319009459206082,0.85253982181483,-0.06560109258429625,0.9572486533586757
871964,2.5631031310892007,1.0,-0.0,0.9650368366397468
872562,2.5631031310892007,1.0,-0.0,0.9650368366397468
872764,2.5631031310892007,1.0,-0.0,0.9650368366397468
873968,2.5631031310892007,1.0,-0.0,0.9650368366397468
877168,2.1231727991175147,0.6268650096300457,-0.2199651659858431,0.933362285134116
878877,2.5631031310892007,1.0,-0.0,0.9650368366397468
880157,2.3006987607520157,1.0,-0.0,0.948114425737803
882161,1.956041315740682,0.5522695724550625,-0.30353090767425933,0.916687507820483
885975,2.4319009459206082,1.172965736511013,0.06560109258429625,0.9572486533586757
886674,2.4319009459206082,0.85253982181483,-0.06560109258429625,0.9572486533586757
888678,2.5631031310892007,1.0,-0.0,0.9650368366397468
889579,2.5631031310892007,1.0,-0.0,0.9650368366397468
894673,2.5631031310892007,1.0,-0.0,0.9650368366397468
894774,2.5631031310892007,1.0,-0.0,0.9650368366397468
896879,1.9919706139489222,1.3600054377225008,0.1543640734015468,0.9205137821181946
898176,2.1231727991175147,0.6268650096300457,-0.2199651659858431,0.933362285134116
899885,2.5631031310892007,1.0,-0.0,0.9650368366397468
901038,2.5631031310892007,1.0,-0.0,0.9650368366397468
901139,2.5631031310892007,1.0,-0.0,0.9650368366397468
901442,2.4319009459206082,0.85253982181483,-0.06560109258429625,0.9572486533586757
904044,1.8248391305720895,0.6477932858073747,-0.23792981508996308,0.9015364806424393
908860,1.2815515655446004,0.4399090809725481,-0.6407757827723002,0.8175833586070742
910241,2.5631031310892007,1.0,-0.0,0.9650368366397468
910443,2.5631031310892007,1.0,-0.0,0.9650368366397468
917255,1.956041315740682,0.5522695724550625,-0.30353090767425933,0.916687507820483
917558,2.5631031310892007,1.0,-0.0,0.9650368366397468
922854,2.1231727991175147,0.6268650096300457,-0.2199651659858431,0.933362285134116
923755,2.1231727991175147,0.6268650096300457,-0.2199651659858431,0.933362285134116
926862,2.4319009459206082,0.85253982181483,-0.06560109258429625,0.9572486533586757
927359,2.5631031310892007,1.0,-0.0,0.9650368366397468
929464,2.5631031310892007,1.0,-0.0,0.9650368366397468
932554,2.4319009459206082,0.85253982181483,-0.06560109258429625,0.9572486533586757
933253,2.4319009459206082,0.85253982181483,-0.06560109258429625,0.9572486533586757
942658,1.712278864840058,0.48266897879461257,-0.4254121331245714,0.8870070663184544
947668,2.4319009459206082,1.172965736511013,0.06560109258429625,0.9572486533586757
951457,1.6832424671458286,0.9999999999999999,-5.551115123125783e-17,0.8830224224435198
952863,2.5631031310892007,1.0,-0.0,0.9650368366397468
955465,2.4319009459206082,1.172965736511013,0.06560109258429625,0.9572486533586757
957974,2.4319009459206082,0.85253982181483,-0.06560109258429625,0.9572486533586757
958976,1.712278864840058,0.48266897879461257,-0.4254121331245714,0.8870070663184544
959574,1.2815515655446004,0.4399090809725481,-0.6407757827723002,0.8175833586070742
962058,2.5631031310892007,1.0,-0.0,0.9650368366397468
965367,2.5631031310892007,1.0,-0.0,0.9650368366397468
965771,1.9919706139489222,1.3600054377225008,0.1543640734015468,0.9205137821181946
966975,1.516110983768996,0.8810023912181558,-0.0835657416884163,0.8581517419970113
969476,2.5631031310892007,1.0,-0.0,0.9650368366397468
970764,2.3006987607520157,1.0,-0.0,0.948114425737803
971160,2.4319009459206082,0.85253982181483,-0.06560109258429625,0.9572486533586757
972566,2.5631031310892007,1.0,-0.0,0.9650368366397468
973770,2.5631031310892007,1.0,-0.0,0.9650368366397468
979984,2.4319009459206082,0.85253982181483,-0.06560109258429625,0.9572486533586757
983773,2.4319009459206082,1.172965736511013,0.06560109258429625,0.9572486533586757
984472,2.5631031310892007,1.0,-0.0,0.9650368366397468
987074,2.4319009459206082,0.85253982181483,-0.06560109258429625,0.9572486533586757
987983,2.4319009459206082,1.172965736511013,0.06560109258429625,0.9572486533586757
989987,2.5631031310892007,1.0,-0.0,0.9650368366397468
990366,2.1231727991175147,0.6268650096300457,-0.2199651659858431,0.933362285134116
991267,2.4319009459206082,0.85253982181483,-0.06560109258429625,0.9572486533586757
992673,2.5631031310892007,1.0,-0.0,0.9650368366397468
992774,2.4319009459206082,0.85253982181483,-0.06560109258429625,0.9572486533586757
993675,2.5631031310892007,1.0,-0.0,0.9650368366397468
996782,2.5631031310892007,1.0,-0.0,0.9650368366397468
