subj_idx,medianRT_NonSoc(No),medianRT_Soc(Yes),medianYes-medianNo
100206,0.6829999999999999,0.764,0.08100000000000007
100307,0.5925,0.542,-0.05049999999999999
100408,1.2675,1.286,0.01849999999999996
100610,0.848,1.2670000000000001,0.41900000000000015
101309,1.3965,0.843,-0.5535000000000001
101410,0.934,0.723,-0.21100000000000008
101915,1.4115,1.5530000000000002,0.14150000000000018
102008,0.619,0.724,0.10499999999999998
102311,0.8875,1.874,0.9865000000000002
102513,1.121,1.044,-0.07699999999999996
102614,0.602,0.838,0.236
102715,1.458,1.2495,-0.2084999999999999
103111,1.2399999999999998,1.058,-0.18199999999999972
103212,1.105,0.897,-0.20799999999999996
103414,0.9890000000000001,0.7759999999999999,-0.2130000000000002
103818,1.051,1.0090000000000001,-0.041999999999999815
104012,0.6709999999999999,1.4905,0.8195
104416,1.1245,1.1005,-0.02400000000000002
104820,1.0554999999999999,1.272,0.21650000000000014
105014,0.966,0.97,0.0040000000000000036
105115,0.8305,0.8534999999999999,0.02299999999999991
105216,0.7929999999999999,0.752,-0.040999999999999925
105620,0.61,0.805,0.19500000000000006
106016,0.7490000000000001,0.71,-0.039000000000000146
106319,1.3505,1.3119999999999998,-0.0385000000000002
106824,0.748,0.922,0.17400000000000004
107018,1.039,0.9740000000000001,-0.06499999999999984
107220,1.127,0.684,-0.44299999999999995
107321,0.77,0.47200000000000003,-0.298
107422,1.2894999999999999,0.865,-0.4244999999999999
108020,1.198,0.879,-0.31899999999999995
108121,0.778,0.7659999999999999,-0.012000000000000122
108323,1.651,1.1070000000000002,-0.5439999999999998
108828,1.8094999999999999,1.713,-0.09649999999999981
109830,0.638,0.603,-0.03500000000000003
110007,0.782,0.888,0.10599999999999998
110411,1.048,0.905,-0.14300000000000002
111009,1.078,1.0490000000000002,-0.028999999999999915
111312,2.206,0.609,-1.597
111514,0.93,0.9390000000000001,0.009000000000000008
111716,0.9990000000000001,0.8170000000000001,-0.18200000000000005
112112,0.6975,0.7615,0.06399999999999995
112314,0.669,0.7155,0.046499999999999986
112516,0.861,0.909,0.04800000000000004
112920,0.795,0.612,-0.18300000000000005
113316,2.43,1.8649999999999998,-0.5650000000000004
113619,1.44,1.0065,-0.4335
113922,0.985,0.9229999999999999,-0.062000000000000055
114116,0.5820000000000001,0.852,0.2699999999999999
114419,0.513,0.604,0.09099999999999997
114621,0.7829999999999999,0.768,-0.014999999999999902
114823,1.552,0.8590000000000001,-0.693
115217,0.9990000000000001,0.768,-0.2310000000000001
115825,0.9359999999999999,0.9425,0.006500000000000061
116221,1.113,1.347,0.23399999999999999
116726,1.225,0.7875000000000001,-0.4375
117021,0.8390000000000001,1.145,0.30599999999999994
117324,1.087,0.7085,-0.37849999999999995
117930,0.996,0.988,-0.008000000000000007
118023,0.881,0.997,0.11599999999999999
118124,1.69,0.9715,-0.7184999999999999
118225,1.078,0.992,-0.08600000000000008
118528,,0.93,
118831,0.6575,1.047,0.38949999999999996
118932,0.841,0.72,-0.121
119025,1.1564999999999999,1.0325,-0.12399999999999989
119732,1.041,1.0354999999999999,-0.00550000000000006
120111,1.3559999999999999,1.197,-0.1589999999999998
120212,0.6579999999999999,0.792,0.13400000000000012
120515,0.955,0.6779999999999999,-0.277
120717,0.659,0.893,0.23399999999999999
121921,1.0005000000000002,1.04,0.03949999999999987
122317,1.157,1.319,0.16199999999999992
122418,0.792,0.7859999999999999,-0.006000000000000116
122822,0.833,0.905,0.07200000000000006
123117,0.7020000000000001,0.517,-0.18500000000000005
123521,1.594,0.669,-0.925
124220,0.828,0.784,-0.04399999999999993
124422,0.5479999999999999,0.807,0.2590000000000001
124826,1.696,1.455,-0.24099999999999988
125222,0.7959999999999999,0.998,0.20200000000000007
126325,0.74,0.9184999999999999,0.17849999999999988
126426,0.738,0.6829999999999999,-0.05500000000000005
127226,0.605,0.885,0.28
127327,0.7509999999999999,0.715,-0.03599999999999992
127630,0.8555,0.95,0.09449999999999992
127731,1.04,0.897,-0.14300000000000002
127933,1.172,0.84,-0.33199999999999996
128026,0.8009999999999999,1.092,0.29100000000000015
128127,0.715,0.792,0.07700000000000007
128632,1.222,0.893,-0.32899999999999996
128935,1.238,1.676,0.43799999999999994
129028,1.5859999999999999,0.945,-0.6409999999999999
129129,0.508,1.472,0.964
129331,0.7190000000000001,0.8390000000000001,0.12
129937,0.725,0.8440000000000001,0.1190000000000001
130013,0.802,1.043,0.24099999999999988
130114,0.8809999999999999,0.9,0.019000000000000128
130316,1.19,1.004,-0.18599999999999994
130417,0.9610000000000001,0.8590000000000001,-0.10199999999999998
130518,0.985,1.083,0.09799999999999998
131217,1.024,0.853,-0.17100000000000004
131419,1.7915,1.338,-0.4535
131722,1.3865,1.015,-0.37150000000000016
131924,0.622,0.772,0.15000000000000002
132017,1.128,1.178,0.050000000000000044
133019,0.7020000000000001,1.1305,0.4285
133625,0.7255,0.847,0.12149999999999994
133928,1.295,0.6605,-0.6345
134223,1.743,1.291,-0.4520000000000002
134425,0.84,1.14,0.29999999999999993
134627,1.0045000000000002,1.419,0.41449999999999987
134829,0.663,0.932,0.269
135124,0.753,0.677,-0.07599999999999996
135528,0.7959999999999999,0.763,-0.03299999999999992
135629,0.8845,1.13,0.24549999999999994
135730,1.0385,0.762,-0.27649999999999997
135932,0.59,1.271,0.6809999999999999
136126,1.6604999999999999,1.294,-0.3664999999999998
136227,0.9329999999999999,1.5579999999999998,0.6249999999999999
136631,0.804,0.632,-0.17200000000000004
136732,0.665,0.97,0.30499999999999994
136833,0.752,0.9890000000000001,0.2370000000000001
137027,1.5380000000000003,1.029,-0.5090000000000003
137128,0.627,0.635,0.008000000000000007
137229,0.9390000000000001,0.8320000000000001,-0.10699999999999998
137431,1.383,0.902,-0.481
137633,0.8190000000000001,1.087,0.2679999999999999
138130,0.99,1.01,0.020000000000000018
138231,1.101,0.8194999999999999,-0.2815000000000001
139233,0.9259999999999999,0.7490000000000001,-0.17699999999999982
139435,0.8220000000000001,0.6459999999999999,-0.17600000000000016
139839,0.778,0.6679999999999999,-0.1100000000000001
140117,1.005,0.631,-0.3739999999999999
140420,0.7559999999999999,0.9235,0.1675000000000001
141119,0.8490000000000001,0.541,-0.30800000000000005
141422,0.8290000000000001,0.7390000000000001,-0.08999999999999997
142828,1.453,1.258,-0.19500000000000006
143224,1.3355000000000001,0.9079999999999999,-0.4275000000000002
143325,1.2039999999999997,1.171,-0.032999999999999696
143426,0.9910000000000001,0.899,-0.09200000000000008
143830,0.5265,0.6579999999999999,0.13149999999999995
144125,1.217,1.8019999999999998,0.5849999999999997
144226,0.6765,0.777,0.10050000000000003
144428,0.7190000000000001,0.972,0.2529999999999999
144832,0.74,0.984,0.244
144933,1.73,1.5590000000000002,-0.17099999999999982
145127,0.9510000000000001,0.904,-0.04700000000000004
145632,0.9075,0.968,0.0605
145834,0.642,0.7575000000000001,0.11550000000000005
146129,1.129,1.238,0.10899999999999999
146331,1.68,0.789,-0.8909999999999999
146432,0.866,0.685,-0.18099999999999994
146533,0.573,0.8109999999999999,0.238
146634,1.073,0.95,-0.123
146735,0.623,0.6455,0.022499999999999964
146937,0.718,0.9670000000000001,0.2490000000000001
147030,0.783,0.7215,-0.0615
147636,1.338,0.8109999999999999,-0.5270000000000001
147737,0.7345,0.799,0.0645
148032,1.0385,1.033,-0.00550000000000006
148133,0.862,1.228,0.366
148335,1.304,0.7395,-0.5645
148436,1.0635000000000001,1.1265,0.06299999999999994
148636,1.23,0.941,-0.28900000000000003
148941,1.0685,0.9580000000000001,-0.11049999999999993
149236,0.9740000000000001,0.789,-0.18500000000000005
149741,0.9490000000000001,1.04,0.09099999999999997
149842,0.648,0.8809999999999999,0.23299999999999987
150423,0.593,0.763,0.17000000000000004
150625,1.95,1.034,-0.9159999999999999
150928,0.7364999999999999,0.877,0.14050000000000007
151021,0.6735,0.732,0.058499999999999996
151223,0.889,0.847,-0.04200000000000004
151324,0.747,0.677,-0.06999999999999995
151425,0.794,0.688,-0.1060000000000001
151627,0.9175,0.565,-0.35250000000000004
151728,1.264,0.564,-0.7000000000000001
151829,0.784,0.8645,0.08050000000000002
152225,1.396,1.071,-0.32499999999999996
152427,0.887,0.87,-0.017000000000000015
152831,0.637,1.2209999999999999,0.5839999999999999
153025,0.5770000000000001,0.802,0.22499999999999998
153126,,0.8380000000000001,
153227,1.012,0.806,-0.20599999999999996
153429,0.8980000000000001,1.0345,0.13649999999999984
153631,0.834,0.679,-0.15499999999999992
153732,0.66,0.691,0.030999999999999917
153833,0.515,0.613,0.09799999999999998
154229,1.367,1.7790000000000001,0.41200000000000014
154330,0.444,0.602,0.15799999999999997
154431,0.76,0.8420000000000001,0.08200000000000007
154734,0.9990000000000001,1.175,0.17599999999999993
154835,0.64,1.017,0.3769999999999999
155231,0.909,0.7659999999999999,-0.14300000000000013
155635,0.64,0.635,-0.0050000000000000044
155938,0.78,0.9229999999999999,0.1429999999999999
156031,0.8859999999999999,1.038,0.15200000000000014
156233,0.937,0.882,-0.05500000000000005
156334,0.5705,0.662,0.09150000000000003
156435,0.6605000000000001,0.66,-0.000500000000000056
156536,0.486,0.5329999999999999,0.04699999999999993
156627,1.0170000000000001,1.433,0.4159999999999999
157336,0.672,0.6809999999999999,0.008999999999999897
157437,0.831,0.815,-0.016000000000000014
157942,0.805,0.5770000000000001,-0.22799999999999998
158035,0.688,0.674,-0.013999999999999901
158136,0.7445,0.8370000000000001,0.09250000000000003
158338,1.243,0.792,-0.45100000000000007
158540,0.797,1.022,0.22499999999999998
159138,1.2690000000000001,0.7240000000000001,-0.545
159239,0.6890000000000001,0.741,0.051999999999999935
159340,0.7170000000000001,0.687,-0.030000000000000027
159441,1.0255,0.8555,-0.17000000000000004
159744,0.62,0.7809999999999999,0.16099999999999992
159946,0.564,0.615,0.051000000000000045
160729,0.61,0.8055,0.1955
160830,1.245,1.182,-0.06300000000000017
161327,0.49,0.499,0.009000000000000008
161630,0.972,0.937,-0.03499999999999992
161731,0.741,0.7909999999999999,0.04999999999999993
161832,1.15,1.107,-0.04299999999999993
162026,0.8619999999999999,0.693,-0.16899999999999993
162228,1.194,1.182,-0.01200000000000001
162329,0.73,0.696,-0.03400000000000003
162733,1.216,1.3610000000000002,0.14500000000000024
162935,0.8200000000000001,0.9009999999999999,0.08099999999999985
163129,0.6559999999999999,0.82,0.16400000000000003
163432,0.8320000000000001,0.782,-0.050000000000000044
163836,1.9040000000000001,1.1044999999999998,-0.7995000000000003
164030,1.085,1.028,-0.05699999999999994
164131,1.0665,0.798,-0.26849999999999996
164939,0.8265,1.047,0.22049999999999992
165032,0.5355,0.475,-0.0605
165436,0.512,0.494,-0.018000000000000016
165638,0.96,1.54,0.5800000000000001
165840,1.049,0.648,-0.4009999999999999
165941,0.8035000000000001,0.584,-0.21950000000000014
166438,0.722,0.731,0.009000000000000008
167036,1.052,1.061,0.008999999999999897
167238,0.7879999999999999,0.713,-0.07499999999999996
167743,1.261,1.1395,-0.12149999999999994
168240,0.49600000000000005,0.8270000000000001,0.331
168745,1.232,1.082,-0.1499999999999999
168947,0.792,0.813,0.020999999999999908
169040,0.6480000000000001,0.8190000000000001,0.17099999999999993
169343,1.167,0.6485000000000001,-0.5185
169444,1.07,1.207,0.137
169545,0.63,0.922,0.29200000000000004
169747,1.2399999999999998,0.831,-0.4089999999999998
169949,0.845,0.823,-0.02200000000000002
170631,1.1079999999999999,1.391,0.28300000000000014
170934,1.149,0.506,-0.643
171532,0.7559999999999999,1.1430000000000002,0.38700000000000034
171633,0.7879999999999999,0.7240000000000001,-0.06399999999999983
171734,0.615,0.677,0.062000000000000055
172130,1.808,1.098,-0.71
172332,0.98,0.987,0.007000000000000006
172433,1.516,1.466,-0.050000000000000044
172534,0.855,0.7705000000000001,-0.08449999999999991
172635,1.048,1.036,-0.01200000000000001
173435,0.9179999999999999,0.91,-0.007999999999999896
173536,0.8085,0.636,-0.1725
173637,1.77,0.632,-1.138
173839,1.0715,0.8859999999999999,-0.1855
173940,1.5419999999999998,0.958,-0.5839999999999999
174437,0.7849999999999999,0.736,-0.04899999999999993
174841,1.395,1.1340000000000001,-0.2609999999999999
175136,0.893,0.767,-0.126
175237,0.841,0.813,-0.028000000000000025
175742,0.824,0.871,0.04700000000000004
176037,1.5205,0.8945,-0.626
176239,0.853,1.1079999999999999,0.2549999999999999
176441,0.33399999999999996,0.608,0.274
176542,0.986,1.1079999999999999,0.12199999999999989
176744,0.894,0.887,-0.007000000000000006
176845,0.7240000000000001,0.833,0.10899999999999987
177140,0.7979999999999999,1.082,0.28400000000000014
177241,0.94,1.0170000000000001,0.07700000000000018
177645,0.759,0.865,0.10599999999999998
177746,1.181,0.884,-0.29700000000000004
178142,1.145,1.085,-0.06000000000000005
178243,1.1975,0.9165,-0.281
178647,0.7909999999999999,0.71,-0.08099999999999996
178748,1.415,1.6669999999999998,0.2519999999999998
178849,0.9219999999999999,1.0975,0.1755
178950,0.7879999999999999,0.858,0.07000000000000006
179245,1.7595,2.009,0.24949999999999983
179548,0.7329999999999999,0.7965,0.06350000000000011
180129,1.0070000000000001,0.9179999999999999,-0.08900000000000019
180230,1.6384999999999998,0.9369999999999999,-0.7014999999999999
180432,0.67,0.7295,0.0595
180533,1.209,0.8240000000000001,-0.385
180735,1.772,1.422,-0.3500000000000001
180836,0.627,0.9245,0.2975
180937,0.8540000000000001,0.541,-0.31300000000000006
182032,0.888,0.865,-0.02300000000000002
182436,0.596,0.7240000000000001,0.1280000000000001
182739,1.285,0.893,-0.3919999999999999
183034,1.598,0.7509999999999999,-0.8470000000000002
183741,0.5369999999999999,0.776,0.2390000000000001
185038,0.7859999999999999,1.1740000000000002,0.38800000000000023
185341,1.472,0.9109999999999999,-0.561
185442,0.5770000000000001,0.5579999999999999,-0.019000000000000128
185947,0.5740000000000001,0.7659999999999999,0.19199999999999984
186040,0.7170000000000001,1.062,0.345
186141,1.1039999999999999,0.735,-0.3689999999999999
186444,1.3195000000000001,1.167,-0.15250000000000008
186949,1.3375,0.6555,-0.6819999999999999
187143,1.0205,1.228,0.20750000000000002
187547,0.6825,0.631,-0.05149999999999999
187850,0.81,0.7825,-0.02750000000000008
188347,1.25,1.403,0.15300000000000002
188448,1.026,1.025,-0.001000000000000112
188549,0.7490000000000001,0.828,0.07899999999999985
188751,0.7040000000000001,0.708,0.0039999999999998925
189450,0.641,0.8825000000000001,0.24150000000000005
189652,2.798,1.149,-1.649
191033,0.8590000000000001,1.058,0.19899999999999995
191336,0.935,1.1079999999999999,0.17299999999999982
191437,0.9640000000000001,0.9109999999999999,-0.05300000000000016
191942,0.91,1.046,0.136
192035,0.532,1.6225,1.0905
192237,0.9215,0.75,-0.17149999999999999
192540,1.0659999999999998,0.9109999999999999,-0.15499999999999992
192641,0.575,0.8119999999999999,0.237
192843,0.8480000000000001,1.034,0.18599999999999994
193239,1.163,0.701,-0.4620000000000001
193845,0.537,0.777,0.24
194140,1.4525000000000001,0.79,-0.6625000000000001
194443,0.85,0.844,-0.006000000000000005
194645,0.6375,0.9199999999999999,0.2825
194746,0.5315000000000001,0.9590000000000001,0.4275
194847,0.7020000000000001,0.72,0.017999999999999905
195041,0.632,0.757,0.125
195647,1.881,1.536,-0.345
195849,2.092,1.349,-0.7430000000000001
196144,1.2570000000000001,1.67,0.4129999999999998
196346,0.5945,0.662,0.0675
196750,0.7575000000000001,1.294,0.5365
196851,1.053,0.8240000000000001,-0.22899999999999987
196952,0.687,0.654,-0.03300000000000003
197348,1.033,0.9809999999999999,-0.052000000000000046
197550,1.347,0.8,-0.5469999999999999
197651,1.2,1.0170000000000001,-0.18299999999999983
198047,0.742,0.805,0.06300000000000006
198249,0.7859999999999999,0.835,0.049000000000000044
198350,0.7390000000000001,0.671,-0.06800000000000006
198451,0.903,0.953,0.04999999999999993
198653,0.7525,0.706,-0.046499999999999986
198855,2.3609999999999998,1.2045,-1.1564999999999999
199251,0.8440000000000001,0.8085,-0.03550000000000009
199352,0.672,1.348,0.676
199453,1.15,1.1540000000000001,0.004000000000000226
199655,0.7885,0.754,-0.034499999999999975
199958,1.7069999999999999,1.0,-0.7069999999999999
200008,0.578,0.8079999999999999,0.22999999999999998
200109,0.574,0.607,0.03300000000000003
200210,0.6579999999999999,0.644,-0.013999999999999901
200311,1.2770000000000001,1.563,0.2859999999999998
200513,0.622,0.64,0.018000000000000016
200614,0.609,0.657,0.04800000000000004
200917,0.7295,0.665,-0.0645
201111,1.0270000000000001,1.034,0.006999999999999895
201414,1.1059999999999999,1.055,-0.050999999999999934
201515,0.5295000000000001,0.9404999999999999,0.4109999999999998
201818,0.7925,0.6890000000000001,-0.10349999999999993
202113,1.2510000000000001,1.117,-0.13400000000000012
202719,0.86,0.7070000000000001,-0.1529999999999999
202820,0.8545,0.7305,-0.124
203418,0.898,0.775,-0.123
203923,1.115,1.155,0.040000000000000036
204016,0.885,0.895,0.010000000000000009
204218,0.423,0.521,0.09800000000000003
204319,0.9790000000000001,0.8079999999999999,-0.17100000000000015
204521,0.531,0.5589999999999999,0.027999999999999914
204622,0.976,0.725,-0.251
205119,1.432,1.0070000000000001,-0.4249999999999998
205220,0.747,1.073,0.32599999999999996
205725,0.5965,0.716,0.11949999999999994
205826,1.6735,1.026,-0.6475
206222,1.047,0.76,-0.2869999999999999
206323,1.291,0.5760000000000001,-0.7149999999999999
206525,0.9790000000000001,1.024,0.04499999999999993
206727,0.922,0.988,0.06599999999999995
206828,0.5760000000000001,0.716,0.1399999999999999
206929,1.088,1.6469999999999998,0.5589999999999997
207123,1.025,1.044,0.019000000000000128
207426,0.74,1.075,0.33499999999999996
208024,0.8265,1.088,0.26150000000000007
208125,0.6755,0.73,0.05449999999999999
208327,0.954,0.951,-0.0030000000000000027
208428,1.484,1.1644999999999999,-0.3195000000000001
208630,1.776,1.1159999999999999,-0.6600000000000001
209127,0.8275,0.901,0.07350000000000001
209228,1.384,0.7415,-0.6424999999999998
209329,0.6890000000000001,0.966,0.2769999999999999
209834,0.81,0.674,-0.136
209935,0.9179999999999999,1.111,0.19300000000000006
210011,1.2409999999999999,1.595,0.3540000000000001
210112,1.02,0.89,-0.13
210415,0.9850000000000001,0.716,-0.26900000000000013
210617,1.0935000000000001,0.6935,-0.40000000000000013
211114,0.777,0.5735,-0.20350000000000001
211316,1.225,1.4660000000000002,0.2410000000000001
211417,1.3479999999999999,1.3245,-0.023499999999999854
211821,1.094,1.237,0.14300000000000002
211922,0.835,0.7090000000000001,-0.1259999999999999
212116,0.701,0.6729999999999999,-0.028000000000000025
212318,1.407,0.87,-0.537
212419,0.708,0.7979999999999999,0.08999999999999997
212823,0.622,0.539,-0.08299999999999996
213017,1.5665,0.943,-0.6235
213421,2.03,1.002,-1.0279999999999998
214423,1.273,1.072,-0.20099999999999985
214625,0.787,0.9840000000000001,0.19700000000000006
214726,0.8270000000000001,0.8540000000000001,0.027000000000000024
217126,0.805,1.189,0.384
217429,1.8664999999999998,0.8440000000000001,-1.0224999999999997
219231,1.12,1.028,-0.09200000000000008
220721,1.596,0.6965000000000001,-0.8995
223929,2.04,1.084,-0.956
227533,0.726,1.094,0.3680000000000001
228434,0.6829999999999999,0.644,-0.038999999999999924
231928,0.809,0.85,0.040999999999999925
236130,0.575,0.639,0.06400000000000006
237334,1.8639999999999999,0.769,-1.0949999999999998
238033,0.867,0.9359999999999999,0.06899999999999995
239136,0.677,0.605,-0.07200000000000006
239944,0.7659999999999999,0.7909999999999999,0.025000000000000022
245333,0.95,1.041,0.09099999999999997
246133,0.9009999999999999,1.024,0.12300000000000011
248238,0.597,0.575,-0.02200000000000002
248339,0.927,0.8420000000000001,-0.08499999999999996
249947,0.7404999999999999,0.7959999999999999,0.055499999999999994
250427,1.4740000000000002,0.911,-0.5630000000000002
250932,1.119,0.9795,-0.13949999999999996
251833,0.8945000000000001,0.6859999999999999,-0.20850000000000013
255639,1.2555,0.6729999999999999,-0.5825000000000001
255740,1.199,0.818,-0.3810000000000001
256540,0.7695,0.632,-0.13749999999999996
257542,0.9025,0.7959999999999999,-0.10650000000000004
257946,0.504,0.618,0.11399999999999999
263436,0.993,0.851,-0.14200000000000002
268749,1.062,0.883,-0.17900000000000005
268850,1.496,0.894,-0.602
270332,0.858,0.667,-0.19099999999999995
274542,0.754,0.659,-0.09499999999999997
275645,0.546,0.7509999999999999,0.20499999999999985
280941,0.948,1.122,0.17400000000000015
281135,0.634,0.865,0.23099999999999998
283543,0.638,0.6940000000000001,0.05600000000000005
286347,1.1425,1.093,-0.0495000000000001
286650,0.5575,0.5205,-0.03700000000000003
290136,0.948,0.9590000000000001,0.01100000000000012
293748,1.254,1.3119999999999998,0.05799999999999983
295146,1.489,0.8985000000000001,-0.5905
297655,1.278,1.705,0.42700000000000005
298051,0.652,0.7090000000000001,0.05700000000000005
298455,0.52,0.5379999999999999,0.017999999999999905
299154,0.547,0.7249999999999999,0.17799999999999983
299760,1.025,1.186,0.16100000000000003
300719,0.996,1.1255000000000002,0.12950000000000017
303119,1.063,0.5994999999999999,-0.4635
303624,0.951,0.753,-0.19799999999999995
304020,0.478,0.845,0.367
304727,0.825,0.7689999999999999,-0.05600000000000005
305830,0.78,0.9420000000000001,0.16200000000000003
307127,1.249,1.308,0.05899999999999994
308331,1.109,0.8809999999999999,-0.2280000000000001
309636,1.026,1.5290000000000001,0.5030000000000001
310621,2.031,1.08,-0.9510000000000001
316633,0.852,0.7140000000000001,-0.1379999999999999
316835,0.8740000000000001,0.738,-0.13600000000000012
321323,1.8175,1.4895,-0.32799999999999985
322224,0.715,0.894,0.17900000000000005
325129,0.505,0.773,0.268
329844,0.821,0.934,0.1130000000000001
330324,0.698,0.644,-0.05399999999999994
333330,1.4380000000000002,0.9570000000000001,-0.4810000000000001
336841,0.5855,0.561,-0.024499999999999966
339847,0.7975,0.7140000000000001,-0.08349999999999991
346137,0.94,0.727,-0.21299999999999997
346945,0.602,0.997,0.395
348545,0.996,0.669,-0.32699999999999996
349244,1.6,1.1540000000000001,-0.44599999999999995
350330,0.7490000000000001,0.693,-0.05600000000000016
351938,1.3319999999999999,1.114,-0.21799999999999975
352132,0.852,1.236,0.384
352738,1.2999999999999998,0.703,-0.5969999999999999
353740,0.9750000000000001,0.7340000000000001,-0.241
355239,1.449,1.203,-0.246
356948,1.248,1.0965,-0.15149999999999997
358144,0.901,0.537,-0.364
360030,0.878,0.8704999999999999,-0.007500000000000062
361234,0.9284999999999999,0.9205,-0.007999999999999896
361941,0.7040000000000001,0.862,0.15799999999999992
365343,1.0395,1.287,0.24749999999999983
366042,0.561,0.862,0.30099999999999993
368753,0.86,0.518,-0.34199999999999997
371843,1.014,1.056,0.04200000000000004
376247,1.1895,0.96,-0.22950000000000004
377451,0.818,0.864,0.04600000000000004
378756,0.768,0.626,-0.14200000000000002
380036,1.1585,1.245,0.08650000000000002
381038,0.6695,0.977,0.3075
381543,1.172,0.6990000000000001,-0.47299999999999986
382242,1.051,0.8440000000000001,-0.20699999999999985
385046,0.7559999999999999,1.024,0.2680000000000001
385450,0.935,0.85,-0.08500000000000008
386250,0.81,0.878,0.06799999999999995
387959,1.045,0.861,-0.18399999999999994
389357,0.919,0.9504999999999999,0.03149999999999986
390645,1.3459999999999999,1.367,0.02100000000000013
391748,1.0170000000000001,0.815,-0.20200000000000018
392447,0.7290000000000001,0.8240000000000001,0.09499999999999997
392750,0.7655,0.8009999999999999,0.035499999999999976
393247,0.6409999999999999,1.0759999999999998,0.43499999999999994
393550,0.915,0.9025000000000001,-0.012499999999999956
395251,0.6419999999999999,0.847,0.20500000000000007
395756,0.7509999999999999,0.8290000000000001,0.07800000000000018
395958,1.0274999999999999,0.7464999999999999,-0.2809999999999999
397154,0.9229999999999999,0.838,-0.08499999999999996
397760,0.915,0.805,-0.10999999999999999
397861,0.838,0.8109999999999999,-0.027000000000000024
401422,0.6065,0.657,0.05049999999999999
406432,1.4529999999999998,1.5075,0.054500000000000215
406836,0.7559999999999999,0.5770000000000001,-0.17899999999999983
412528,0.86,0.66,-0.19999999999999996
413934,1.5445,0.872,-0.6725
414229,0.977,0.9490000000000001,-0.027999999999999914
415837,1.31,0.7829999999999999,-0.5270000000000001
419239,1.3039999999999998,0.995,-0.30899999999999983
421226,1.139,0.8809999999999999,-0.2580000000000001
429040,0.588,0.531,-0.05699999999999994
432332,0.78,0.72,-0.06000000000000005
433839,0.8009999999999999,1.0390000000000001,0.2380000000000002
436239,0.795,0.885,0.08999999999999997
441939,0.9640000000000001,0.8220000000000001,-0.14200000000000002
445543,1.2790000000000001,1.368,0.08899999999999997
449753,0.74,0.6579999999999999,-0.08200000000000007
453441,0.9159999999999999,1.281,0.365
453542,1.827,0.6599999999999999,-1.167
454140,0.6809999999999999,0.815,0.134
456346,1.7169999999999999,0.6825000000000001,-1.0344999999999998
459453,1.2945,0.6829999999999999,-0.6115
461743,0.6435,0.933,0.2895000000000001
462139,1.2109999999999999,1.135,-0.07599999999999985
463040,1.128,1.1835,0.055500000000000105
465852,1.3845,1.4605,0.07599999999999985
467351,0.851,1.034,0.18300000000000005
468050,0.5934999999999999,0.9,0.3065000000000001
469961,1.2325,0.9079999999999999,-0.3245
473952,0.5495,0.7255,0.17600000000000005
475855,1.0170000000000001,1.44,0.4229999999999998
480141,0.522,0.7435,0.22150000000000003
481042,0.8029999999999999,0.687,-0.11599999999999988
481951,0.9415,1.207,0.26550000000000007
485757,1.8845,0.726,-1.1585
486759,0.812,0.698,-0.1140000000000001
495255,1.3530000000000002,1.0,-0.3530000000000002
499566,0.693,1.295,0.602
506234,0.8109999999999999,0.6735,-0.13749999999999996
510326,1.4205,0.8644999999999999,-0.5560000000000002
512835,1.011,0.723,-0.2879999999999999
513130,1.055,0.8079999999999999,-0.247
513736,0.7759999999999999,0.982,0.20600000000000007
516742,0.746,0.74,-0.006000000000000005
517239,1.2890000000000001,0.879,-0.41000000000000014
518746,1.084,1.0575,-0.026499999999999968
519647,1.8915,0.708,-1.1835
519950,1.482,0.7290000000000001,-0.7529999999999999
520228,0.8679999999999999,1.071,0.20300000000000007
522434,0.687,0.599,-0.08800000000000008
523032,0.754,1.262,0.508
525541,1.002,0.853,-0.14900000000000002
529549,0.6745,0.675,0.000500000000000056
529953,0.623,0.8079999999999999,0.18499999999999994
530635,0.809,0.8940000000000001,0.08500000000000008
531536,1.4769999999999999,1.357,-0.11999999999999988
540436,1.2635,1.0759999999999998,-0.18750000000000022
541640,1.034,0.6515,-0.38250000000000006
541943,1.071,1.025,-0.04600000000000004
545345,1.475,1.1960000000000002,-0.2789999999999999
547046,0.7645,1.0275,0.2630000000000001
548250,0.501,0.8370000000000001,0.3360000000000001
550439,0.95,0.759,-0.19099999999999995
552544,0.9850000000000001,1.17,0.18499999999999983
553344,0.88,1.0659999999999998,0.18599999999999983
555348,1.443,1.8479999999999999,0.4049999999999998
555651,0.9540000000000001,1.7530000000000001,0.799
555954,0.706,0.9259999999999999,0.21999999999999997
557857,1.075,0.615,-0.45999999999999996
558657,1.8159999999999998,1.6985000000000001,-0.11749999999999972
558960,0.986,0.838,-0.14800000000000002
559053,1.889,1.183,-0.706
559457,0.915,0.7709999999999999,-0.14400000000000013
561242,0.531,0.76,0.22899999999999998
561444,1.4680000000000002,1.056,-0.41200000000000014
561949,0.7959999999999999,0.7909999999999999,-0.0050000000000000044
562446,0.784,0.9990000000000001,0.21500000000000008
565452,0.7935,1.3290000000000002,0.5355000000000002
566454,0.7659999999999999,0.941,0.17500000000000004
567052,0.9480000000000001,1.0485,0.10049999999999992
567759,1.1375,0.825,-0.3125
568963,0.81,0.7290000000000001,-0.08099999999999996
570243,0.688,0.633,-0.05499999999999994
571144,1.101,1.094,-0.006999999999999895
571548,1.609,0.763,-0.846
572045,0.547,0.67,0.123
573249,0.832,1.0550000000000002,0.2230000000000002
573451,0.6325000000000001,0.8290000000000001,0.1965
576255,1.1199999999999999,0.7340000000000001,-0.3859999999999998
578057,1.7475,0.9580000000000001,-0.7895
579867,0.8490000000000001,1.22,0.3709999999999999
580044,1.176,0.753,-0.42299999999999993
580347,1.0979999999999999,0.9079999999999999,-0.18999999999999995
580560,0.9945,1.0325,0.03799999999999992
580751,0.5435,0.815,0.27149999999999996
581349,1.193,1.8475,0.6544999999999999
581450,0.53,0.8079999999999999,0.2779999999999999
583858,0.6575,0.774,0.11650000000000005
585862,0.5295,0.721,0.1915
587664,1.237,1.2734999999999999,0.036499999999999755
588565,0.73,0.679,-0.050999999999999934
590047,0.9655,0.6679999999999999,-0.2975000000000001
592455,0.8839999999999999,0.983,0.09900000000000009
594156,0.892,0.835,-0.05700000000000005
597869,0.862,1.056,0.19400000000000006
598568,0.9790000000000001,0.7240000000000001,-0.255
599065,0.5479999999999999,0.775,0.2270000000000001
599469,0.7170000000000001,0.653,-0.06400000000000006
599671,0.72,0.624,-0.09599999999999997
601127,0.6940000000000001,0.6709999999999999,-0.02300000000000013
604537,0.882,1.079,0.19699999999999995
609143,0.8140000000000001,0.996,0.18199999999999994
611938,0.978,1.015,0.03699999999999992
613538,0.647,0.677,0.030000000000000027
614439,0.9,1.092,0.19200000000000006
615744,0.609,0.6040000000000001,-0.004999999999999893
616645,1.3639999999999999,0.857,-0.5069999999999999
618952,1.057,0.799,-0.2579999999999999
620434,1.346,0.899,-0.44700000000000006
622236,0.718,0.74,0.02200000000000002
623844,0.665,0.9809999999999999,0.31599999999999984
626648,1.4815,1.248,-0.23350000000000004
628248,0.976,0.9059999999999999,-0.07000000000000006
634748,1.4874999999999998,1.515,0.02750000000000008
635245,1.2535,0.961,-0.2925000000000001
638049,0.7895000000000001,1.047,0.25749999999999984
644044,1.13,1.365,0.2350000000000001
644246,0.541,1.0115,0.47050000000000003
645450,0.972,1.001,0.028999999999999915
645551,1.252,0.927,-0.32499999999999996
647858,1.2890000000000001,0.868,-0.42100000000000015
654350,0.9109999999999999,0.7509999999999999,-0.16000000000000003
654552,0.747,0.622,-0.125
654754,0.7929999999999999,0.9095000000000001,0.11650000000000016
656253,1.338,1.052,-0.28600000000000003
656657,1.0764999999999998,1.32,0.24350000000000027
657659,0.52,0.868,0.348
660951,0.716,0.65,-0.06599999999999995
663755,0.966,0.769,-0.19699999999999995
664757,1.1609999999999998,0.891,-0.2699999999999998
665254,0.6425,0.542,-0.10049999999999992
667056,0.585,0.698,0.11299999999999999
668361,0.9045,1.189,0.2845000000000001
671855,0.8170000000000001,0.8905000000000001,0.07350000000000001
672756,1.4080000000000001,0.67,-0.7380000000000001
673455,0.899,0.924,0.025000000000000022
675661,0.779,0.742,-0.03700000000000003
677766,1.2329999999999999,0.871,-0.3619999999999999
679568,0.6755,1.136,0.4604999999999999
680250,0.754,0.904,0.15000000000000002
683256,1.4155,1.004,-0.4115
686969,0.718,0.7859999999999999,0.06799999999999995
688569,1.069,0.8959999999999999,-0.17300000000000004
689470,1.1219999999999999,1.041,-0.08099999999999996
692694,0.9159999999999999,1.2770000000000001,0.3610000000000002
693764,1.141,1.11,-0.030999999999999917
694362,0.889,2.0869999999999997,1.1979999999999997
695768,1.1179999999999999,1.7990000000000002,0.6810000000000003
698168,0.9309999999999999,1.317,0.386
702133,0.948,0.9059999999999999,-0.04200000000000004
705341,1.469,0.9620000000000001,-0.507
709551,0.75,0.7490000000000001,-0.0009999999999998899
713239,1.528,1.3225,-0.20550000000000002
715041,0.9229999999999999,1.3365,0.4135000000000001
715647,0.725,0.655,-0.06999999999999995
720337,0.9505,0.857,-0.09350000000000003
723141,0.9570000000000001,0.841,-0.1160000000000001
724446,0.614,0.7659999999999999,0.1519999999999999
725751,0.787,0.6990000000000001,-0.08799999999999997
727553,0.7255,0.62,-0.10550000000000004
727654,1.107,0.7759999999999999,-0.33100000000000007
728454,1.198,1.197,-0.0009999999999998899
729254,1.338,1.0959999999999999,-0.24200000000000021
729557,0.9590000000000001,0.698,-0.2610000000000001
731140,1.005,0.795,-0.20999999999999985
732243,0.7290000000000001,0.877,0.1479999999999999
734045,1.0805,0.7689999999999999,-0.3115000000000001
735148,1.0655,0.4305,-0.6349999999999999
737960,1.58,1.6464999999999999,0.06649999999999978
744553,1.469,1.077,-0.3920000000000001
748258,0.71,0.6905,-0.019499999999999962
749361,1.197,0.582,-0.6150000000000001
751348,2.247,0.7020000000000001,-1.545
751550,1.381,1.188,-0.19300000000000006
753150,0.8795000000000001,0.737,-0.14250000000000007
753251,1.3905,0.8345,-0.556
756055,1.17,0.9440000000000001,-0.22599999999999987
757764,1.1520000000000001,1.023,-0.12900000000000023
759869,0.5670000000000001,0.48100000000000004,-0.08600000000000002
761957,0.7789999999999999,0.8194999999999999,0.04049999999999998
763557,1.24,1.181,-0.05899999999999994
765056,1.8630000000000002,0.9540000000000001,-0.9090000000000001
765864,0.852,1.037,0.18499999999999994
767464,0.7815000000000001,0.818,0.036499999999999866
769064,0.705,0.859,0.15400000000000003
770352,0.795,0.8290000000000001,0.03400000000000003
771354,1.121,0.894,-0.22699999999999998
773257,1.284,0.9520000000000001,-0.33199999999999996
774663,0.843,0.8390000000000001,-0.0039999999999998925
779370,0.7685,0.7310000000000001,-0.03749999999999987
782561,1.5659999999999998,0.956,-0.6099999999999999
783462,1.8459999999999999,1.214,-0.6319999999999999
784565,0.98,0.8809999999999999,-0.09900000000000009
786569,0.711,0.609,-0.10199999999999998
788674,0.687,0.8540000000000001,0.16700000000000004
788876,0.6409999999999999,0.8370000000000001,0.19600000000000017
789373,1.109,0.8690000000000001,-0.23999999999999988
792564,0.8170000000000001,0.8170000000000001,0.0
792867,1.3359999999999999,0.8109999999999999,-0.5249999999999999
796534,0.909,0.6,-0.30900000000000005
800941,0.6984999999999999,0.434,-0.2644999999999999
814548,0.5235000000000001,0.897,0.37349999999999994
814649,0.812,0.574,-0.2380000000000001
815247,0.87,1.157,0.28700000000000003
816653,0.9940000000000001,1.0855000000000001,0.09150000000000003
818455,1.1959999999999997,0.7509999999999999,-0.44499999999999984
818859,0.8654999999999999,0.6805000000000001,-0.18499999999999983
820745,0.684,1.084,0.4
825048,1.0565,0.799,-0.25749999999999995
826353,1.094,0.9159999999999999,-0.17800000000000016
826454,0.8660000000000001,1.082,0.21599999999999997
827052,0.49150000000000005,0.5479999999999999,0.056499999999999884
833148,0.5845,0.7044999999999999,0.11999999999999988
833249,0.8585,0.8485,-0.010000000000000009
835657,1.245,1.172,-0.07300000000000018
837560,1.056,0.789,-0.267
841349,0.784,0.63,-0.15400000000000003
844961,0.9924999999999999,1.564,0.5715000000000001
845458,0.5579999999999999,0.727,0.16900000000000004
849971,0.64,0.8190000000000001,0.17900000000000005
852455,0.493,0.536,0.04300000000000004
856463,0.749,0.7909999999999999,0.041999999999999926
856766,1.1795,0.905,-0.27449999999999997
856968,0.7205,0.605,-0.11550000000000005
857263,1.626,0.925,-0.7009999999999998
859671,1.514,1.33,-0.18399999999999994
861456,0.9440000000000001,0.7340000000000001,-0.20999999999999996
865363,0.828,0.586,-0.242
869472,0.9009999999999999,0.7859999999999999,-0.11499999999999999
870861,0.46699999999999997,0.736,0.269
871964,1.463,2.252,0.7889999999999997
872562,0.8370000000000001,0.8690000000000001,0.03200000000000003
872764,0.924,0.731,-0.19300000000000006
873968,0.635,0.785,0.15000000000000002
877168,0.6995,0.6924999999999999,-0.007000000000000117
878877,0.8590000000000001,1.015,0.1559999999999998
880157,0.855,0.9470000000000001,0.09200000000000008
882161,1.2645,1.0659999999999998,-0.19850000000000012
885975,1.077,1.01,-0.06699999999999995
886674,0.9220000000000002,1.044,0.12199999999999989
888678,0.993,1.016,0.02300000000000002
889579,0.674,0.62,-0.05400000000000005
894673,0.8109999999999999,0.775,-0.03599999999999992
894774,0.6409999999999999,0.5579999999999999,-0.08299999999999996
896879,0.787,0.9315,0.14449999999999996
898176,0.81,0.8925,0.0824999999999999
899885,1.136,1.1909999999999998,0.05499999999999994
901038,0.892,0.929,0.03700000000000003
901139,0.745,0.6859999999999999,-0.05900000000000005
901442,0.882,0.9209999999999999,0.038999999999999924
904044,1.169,0.7155,-0.4535
908860,1.4909999999999999,1.047,-0.44399999999999995
910241,0.973,1.113,0.14
910443,1.079,0.6709999999999999,-0.40800000000000003
917255,0.5479999999999999,0.6805,0.13250000000000006
917558,0.983,0.725,-0.258
922854,0.8705,0.7555,-0.1150000000000001
923755,0.43500000000000005,0.5415000000000001,0.10650000000000004
926862,0.6265000000000001,0.75,0.12349999999999994
927359,0.461,0.625,0.16399999999999998
929464,0.47,0.6920000000000001,0.2220000000000001
932554,1.2625,0.902,-0.36049999999999993
933253,0.9169999999999999,0.8440000000000001,-0.07299999999999984
942658,0.7485,0.6635,-0.08500000000000008
947668,1.3,1.047,-0.2530000000000001
951457,0.828,0.955,0.127
952863,0.706,1.0390000000000001,0.3330000000000002
955465,1.015,0.952,-0.06299999999999994
957974,0.996,1.089,0.09299999999999997
958976,1.1815000000000002,0.743,-0.4385000000000002
959574,0.9325000000000001,0.823,-0.10950000000000015
962058,0.8740000000000001,1.114,0.24
965367,0.7190000000000001,0.645,-0.07400000000000007
965771,0.9329999999999999,1.7885,0.8555
966975,1.9195000000000002,1.879,-0.0405000000000002
969476,1.181,0.9329999999999999,-0.2480000000000001
970764,0.9720000000000001,1.0644999999999998,0.0924999999999997
971160,0.7829999999999999,0.905,0.12200000000000011
972566,0.85,0.943,0.09299999999999997
973770,2.0,1.5119999999999998,-0.4880000000000002
979984,0.9755,0.807,-0.16849999999999998
983773,0.654,0.7115,0.057499999999999996
984472,0.7959999999999999,0.948,0.15200000000000002
987074,0.8190000000000001,1.081,0.2619999999999999
987983,0.736,0.787,0.051000000000000045
989987,1.193,0.924,-0.269
990366,0.47850000000000004,0.486,0.007499999999999951
991267,0.9875,0.759,-0.22850000000000004
992673,1.3869999999999998,1.0959999999999999,-0.2909999999999999
992774,0.513,0.56,0.04700000000000004
993675,0.892,1.274,0.382
996782,0.7290000000000001,0.9079999999999999,0.17899999999999983
