,respDur_keys,respDur_rt,respAfter_keys,respAfter_rt,participant,movie,date,movie_ind,consistency
0,left,3.070585,left,0.86851,60fd5d01137be0173165dcfe,COAXINGB0,2021-07-25_08h39.36.916,0.0,1.0
1,right,1.90983,right,0.6697,60fd5d01137be0173165dcfe,BILLIARDA1,2021-07-25_08h39.36.916,1.0,1.0
2,right,2.36231,right,0.497974999,60fd5d01137be0173165dcfe,DRIFTINGA2,2021-07-25_08h39.36.916,2.0,1.0
3,left,4.3123,left,1.568915,60fd5d01137be0173165dcfe,FISHING3,2021-07-25_08h39.36.916,3.0,1.0
4,right,1.5390549999999998,right,0.66769,60fd5d01137be0173165dcfe,RANDOMMECH4,2021-07-25_08h39.36.916,4.0,1.0
5,left,4.26602,left,0.6001350000000001,60fd5d01137be0173165dcfe,SCARING5,2021-07-25_08h39.36.916,5.0,1.0
6,left,2.112625,left,0.517355,60fd5d01137be0173165dcfe,SEDUCINGB6,2021-07-25_08h39.36.916,6.0,1.0
7,right,3.7226550000000005,right,0.468825,60fd5d01137be0173165dcfe,STARA7,2021-07-25_08h39.36.916,7.0,1.0
8,left,2.8088450000000003,left,0.6859999999999999,60fd5d01137be0173165dcfe,SURPRISINGB8,2021-07-25_08h39.36.916,8.0,1.0
9,right,2.290645,right,0.550989999,60fd5d01137be0173165dcfe,TENNISA9,2021-07-25_08h39.36.916,9.0,1.0
10,left,2.6565,left,0.3983,60fc5c5723636d2e4e6acd1b,COAXINGB0,2021-07-25_14h56.09.793,0.0,1.0
11,left,9.5418,left,0.6377,60fc5c5723636d2e4e6acd1b,BILLIARDA1,2021-07-25_14h56.09.793,1.0,1.0
12,right,11.2576,right,0.7849,60fc5c5723636d2e4e6acd1b,DRIFTINGA2,2021-07-25_14h56.09.793,2.0,1.0
13,left,12.8555,left,0.6385,60fc5c5723636d2e4e6acd1b,FISHING3,2021-07-25_14h56.09.793,3.0,1.0
14,left,13.4978,left,0.37,60fc5c5723636d2e4e6acd1b,RANDOMMECH4,2021-07-25_14h56.09.793,4.0,1.0
15,left,12.9737,left,0.5276,60fc5c5723636d2e4e6acd1b,SCARING5,2021-07-25_14h56.09.793,5.0,1.0
16,left,9.4759,left,0.4926,60fc5c5723636d2e4e6acd1b,SEDUCINGB6,2021-07-25_14h56.09.793,6.0,1.0
17,left,13.3104,left,0.3399,60fc5c5723636d2e4e6acd1b,STARA7,2021-07-25_14h56.09.793,7.0,1.0
18,left,10.1547,left,0.3003,60fc5c5723636d2e4e6acd1b,SURPRISINGB8,2021-07-25_14h56.09.793,8.0,1.0
19,left,12.8318,left,0.705,60fc5c5723636d2e4e6acd1b,TENNISA9,2021-07-25_14h56.09.793,9.0,1.0
20,left,3.052,left,1.7590000000000001,60fcd84f537cf56255168da7,COAXINGB0,2021-07-25_09h54.48.232,0.0,1.0
21,right,1.7730000000000001,right,0.483,60fcd84f537cf56255168da7,BILLIARDA1,2021-07-25_09h54.48.232,1.0,1.0
22,right,3.931,right,0.36700000000000005,60fcd84f537cf56255168da7,DRIFTINGA2,2021-07-25_09h54.48.232,2.0,1.0
23,left,5.431,right,0.7759999999999999,60fcd84f537cf56255168da7,FISHING3,2021-07-25_09h54.48.232,3.0,-1.0
24,left,3.08,right,0.626,60fcd84f537cf56255168da7,RANDOMMECH4,2021-07-25_09h54.48.232,4.0,-1.0
25,left,3.4760000000000004,right,0.542,60fcd84f537cf56255168da7,SCARING5,2021-07-25_09h54.48.232,5.0,-1.0
26,left,2.345,left,0.622,60fcd84f537cf56255168da7,SEDUCINGB6,2021-07-25_09h54.48.232,6.0,1.0
27,right,2.642,right,0.396,60fcd84f537cf56255168da7,STARA7,2021-07-25_09h54.48.232,7.0,1.0
28,left,2.4819999999999998,left,0.8079999999999999,60fcd84f537cf56255168da7,SURPRISINGB8,2021-07-25_09h54.48.232,8.0,1.0
29,right,2.7769999999999997,right,0.483,60fcd84f537cf56255168da7,TENNISA9,2021-07-25_09h54.48.232,9.0,1.0
30,left,3.0721,left,0.3104,60fd22f7fd87f2c9d63a3639,COAXINGB0,2021-07-25_14h37.25.903,0.0,1.0
31,right,1.4897,right,0.2389,60fd22f7fd87f2c9d63a3639,BILLIARDA1,2021-07-25_14h37.25.903,1.0,1.0
32,right,1.4719,right,0.1346,60fd22f7fd87f2c9d63a3639,DRIFTINGA2,2021-07-25_14h37.25.903,2.0,1.0
33,left,4.752,left,0.5241,60fd22f7fd87f2c9d63a3639,FISHING3,2021-07-25_14h37.25.903,3.0,1.0
34,right,2.2749,down,1.4263,60fd22f7fd87f2c9d63a3639,RANDOMMECH4,2021-07-25_14h37.25.903,4.0,0.5
35,right,2.8109,left,0.2575,60fd22f7fd87f2c9d63a3639,SCARING5,2021-07-25_14h37.25.903,5.0,-1.0
36,left,2.4207,left,0.3041,60fd22f7fd87f2c9d63a3639,SEDUCINGB6,2021-07-25_14h37.25.903,6.0,1.0
37,right,2.1019,right,0.2466,60fd22f7fd87f2c9d63a3639,STARA7,2021-07-25_14h37.25.903,7.0,1.0
38,left,4.8719,left,0.4928,60fd22f7fd87f2c9d63a3639,SURPRISINGB8,2021-07-25_14h37.25.903,8.0,1.0
39,right,2.0398,right,0.3539,60fd22f7fd87f2c9d63a3639,TENNISA9,2021-07-25_14h37.25.903,9.0,1.0
40,left,2.8651,left,0.6279,60fd2e10d0e4aa8935d07269,COAXINGB0,2021-07-25_14h54.05.867,0.0,1.0
41,right,2.7805,right,1.091,60fd2e10d0e4aa8935d07269,BILLIARDA1,2021-07-25_14h54.05.867,1.0,1.0
42,right,1.6014,right,1.1763,60fd2e10d0e4aa8935d07269,DRIFTINGA2,2021-07-25_14h54.05.867,2.0,1.0
43,left,5.7495,left,0.6813,60fd2e10d0e4aa8935d07269,FISHING3,2021-07-25_14h54.05.867,3.0,1.0
44,right,2.9610000000000003,right,0.9463,60fd2e10d0e4aa8935d07269,RANDOMMECH4,2021-07-25_14h54.05.867,4.0,1.0
45,left,9.1354,left,0.6512,60fd2e10d0e4aa8935d07269,SCARING5,2021-07-25_14h54.05.867,5.0,1.0
46,left,4.985,left,1.6005,60fd2e10d0e4aa8935d07269,SEDUCINGB6,2021-07-25_14h54.05.867,6.0,1.0
47,right,5.8448,right,0.8327,60fd2e10d0e4aa8935d07269,STARA7,2021-07-25_14h54.05.867,7.0,1.0
48,left,4.9177,left,1.0068,60fd2e10d0e4aa8935d07269,SURPRISINGB8,2021-07-25_14h54.05.867,8.0,1.0
49,right,2.2953,right,1.1435,60fd2e10d0e4aa8935d07269,TENNISA9,2021-07-25_14h54.05.867,9.0,1.0
50,left,3.4533400010000004,left,1.2657900009999998,60fd03302b29a3efada39165,COAXINGB0,2021-07-25_08h52.20.361,0.0,1.0
51,right,2.679279998,right,0.7005949990000001,60fd03302b29a3efada39165,BILLIARDA1,2021-07-25_08h52.20.361,1.0,1.0
52,right,3.226785,right,0.48053000100000004,60fd03302b29a3efada39165,DRIFTINGA2,2021-07-25_08h52.20.361,2.0,1.0
53,right,9.80751,right,0.835494999,60fd03302b29a3efada39165,FISHING3,2021-07-25_08h52.20.361,3.0,1.0
54,right,9.12627,right,0.637495,60fd03302b29a3efada39165,RANDOMMECH4,2021-07-25_08h52.20.361,4.0,1.0
55,left,14.70643,left,1.455125,60fd03302b29a3efada39165,SCARING5,2021-07-25_08h52.20.361,5.0,1.0
56,left,1.9131649990000001,left,0.543445002,60fd03302b29a3efada39165,SEDUCINGB6,2021-07-25_08h52.20.361,6.0,1.0
57,right,7.010365002,right,0.800369997,60fd03302b29a3efada39165,STARA7,2021-07-25_08h52.20.361,7.0,1.0
58,right,10.807495,right,1.139514998,60fd03302b29a3efada39165,SURPRISINGB8,2021-07-25_08h52.20.361,8.0,1.0
59,right,7.115174998,right,0.498890001,60fd03302b29a3efada39165,TENNISA9,2021-07-25_08h52.20.361,9.0,1.0
60,left,3.3718,left,1.3651,60fce0e8ed92418cabcf0f9c,COAXINGB0,2021-07-25_09h36.55.282,0.0,1.0
61,right,2.9862,right,1.105,60fce0e8ed92418cabcf0f9c,BILLIARDA1,2021-07-25_09h36.55.282,1.0,1.0
62,right,9.2022,right,0.5713,60fce0e8ed92418cabcf0f9c,DRIFTINGA2,2021-07-25_09h36.55.282,2.0,1.0
63,left,4.7669,left,0.6722,60fce0e8ed92418cabcf0f9c,FISHING3,2021-07-25_09h36.55.282,3.0,1.0
64,right,3.8367,right,0.6897,60fce0e8ed92418cabcf0f9c,RANDOMMECH4,2021-07-25_09h36.55.282,4.0,1.0
65,left,14.8891,left,0.7067,60fce0e8ed92418cabcf0f9c,SCARING5,2021-07-25_09h36.55.282,5.0,1.0
66,left,5.2722,left,1.7116,60fce0e8ed92418cabcf0f9c,SEDUCINGB6,2021-07-25_09h36.55.282,6.0,1.0
67,right,3.9238,right,0.9555,60fce0e8ed92418cabcf0f9c,STARA7,2021-07-25_09h36.55.282,7.0,1.0
68,left,4.5219,left,0.5878,60fce0e8ed92418cabcf0f9c,SURPRISINGB8,2021-07-25_09h36.55.282,8.0,1.0
69,right,5.6076,right,2.7524,60fce0e8ed92418cabcf0f9c,TENNISA9,2021-07-25_09h36.55.282,9.0,1.0
70,left,6.024,left,0.519,60fd3627553a78d22e703535,COAXINGB0,2021-07-25_14h51.08.713,0.0,1.0
71,right,3.864,right,1.079,60fd3627553a78d22e703535,BILLIARDA1,2021-07-25_14h51.08.713,1.0,1.0
72,right,6.8,right,1.4269999999999998,60fd3627553a78d22e703535,DRIFTINGA2,2021-07-25_14h51.08.713,2.0,1.0
73,left,9.125,left,0.669,60fd3627553a78d22e703535,FISHING3,2021-07-25_14h51.08.713,3.0,1.0
74,right,10.238999999999999,down,2.3680000000000003,60fd3627553a78d22e703535,RANDOMMECH4,2021-07-25_14h51.08.713,4.0,0.5
75,left,11.565,left,0.522,60fd3627553a78d22e703535,SCARING5,2021-07-25_14h51.08.713,5.0,1.0
76,left,5.989,left,0.41600000000000004,60fd3627553a78d22e703535,SEDUCINGB6,2021-07-25_14h51.08.713,6.0,1.0
77,right,5.391,right,0.29,60fd3627553a78d22e703535,STARA7,2021-07-25_14h51.08.713,7.0,1.0
78,left,6.693,left,0.44299999999999995,60fd3627553a78d22e703535,SURPRISINGB8,2021-07-25_14h51.08.713,8.0,1.0
79,right,2.468,right,0.39899999999999997,60fd3627553a78d22e703535,TENNISA9,2021-07-25_14h51.08.713,9.0,1.0
80,left,7.6051,left,0.9726,60fce65c600566fd3c2c050f,COAXINGB0,2021-07-25_09h52.37.514,0.0,1.0
81,right,5.4255,right,0.4425,60fce65c600566fd3c2c050f,BILLIARDA1,2021-07-25_09h52.37.514,1.0,1.0
82,right,7.9839,right,0.4603,60fce65c600566fd3c2c050f,DRIFTINGA2,2021-07-25_09h52.37.514,2.0,1.0
83,left,7.5261,left,0.5766,60fce65c600566fd3c2c050f,FISHING3,2021-07-25_09h52.37.514,3.0,1.0
84,right,6.9436,right,0.6564,60fce65c600566fd3c2c050f,RANDOMMECH4,2021-07-25_09h52.37.514,4.0,1.0
85,right,9.592,left,0.4585,60fce65c600566fd3c2c050f,SCARING5,2021-07-25_09h52.37.514,5.0,-1.0
86,left,6.159,left,0.5734,60fce65c600566fd3c2c050f,SEDUCINGB6,2021-07-25_09h52.37.514,6.0,1.0
87,right,4.0275,right,0.4399,60fce65c600566fd3c2c050f,STARA7,2021-07-25_09h52.37.514,7.0,1.0
88,left,6.0889,left,0.428,60fce65c600566fd3c2c050f,SURPRISINGB8,2021-07-25_09h52.37.514,8.0,1.0
89,right,3.6562,right,0.3895,60fce65c600566fd3c2c050f,TENNISA9,2021-07-25_09h52.37.514,9.0,1.0
90,left,3.5059,left,1.7619,60fd5c3031886d6cd578e6c9,COAXINGB0,2021-07-25_14h40.49.399,0.0,1.0
91,right,1.8036,right,0.8385,60fd5c3031886d6cd578e6c9,BILLIARDA1,2021-07-25_14h40.49.399,1.0,1.0
92,right,7.013,right,0.8164,60fd5c3031886d6cd578e6c9,DRIFTINGA2,2021-07-25_14h40.49.399,2.0,1.0
93,left,16.2584,left,1.1392,60fd5c3031886d6cd578e6c9,FISHING3,2021-07-25_14h40.49.399,3.0,1.0
94,right,11.1755,right,1.0055,60fd5c3031886d6cd578e6c9,RANDOMMECH4,2021-07-25_14h40.49.399,4.0,1.0
95,left,16.9812,left,1.5530000000000002,60fd5c3031886d6cd578e6c9,SCARING5,2021-07-25_14h40.49.399,5.0,1.0
96,left,5.8153,left,0.6966,60fd5c3031886d6cd578e6c9,SEDUCINGB6,2021-07-25_14h40.49.399,6.0,1.0
97,right,7.1128,right,0.7888,60fd5c3031886d6cd578e6c9,STARA7,2021-07-25_14h40.49.399,7.0,1.0
98,left,11.3905,left,1.1863,60fd5c3031886d6cd578e6c9,SURPRISINGB8,2021-07-25_14h40.49.399,8.0,1.0
99,right,14.9775,right,1.2798,60fd5c3031886d6cd578e6c9,TENNISA9,2021-07-25_14h40.49.399,9.0,1.0
100,left,8.839,left,0.703,60fd3be949fc98146bd8e6e3,COAXINGB0,2021-07-25_14h55.08.288,0.0,1.0
101,right,6.771,right,0.672,60fd3be949fc98146bd8e6e3,BILLIARDA1,2021-07-25_14h55.08.288,1.0,1.0
102,right,8.662,right,0.483,60fd3be949fc98146bd8e6e3,DRIFTINGA2,2021-07-25_14h55.08.288,2.0,1.0
103,left,11.955,left,0.585,60fd3be949fc98146bd8e6e3,FISHING3,2021-07-25_14h55.08.288,3.0,1.0
104,right,12.804,right,0.619,60fd3be949fc98146bd8e6e3,RANDOMMECH4,2021-07-25_14h55.08.288,4.0,1.0
105,left,10.005,left,0.569,60fd3be949fc98146bd8e6e3,SCARING5,2021-07-25_14h55.08.288,5.0,1.0
106,left,12.234000000000002,left,0.607,60fd3be949fc98146bd8e6e3,SEDUCINGB6,2021-07-25_14h55.08.288,6.0,1.0
107,right,6.23,right,0.502,60fd3be949fc98146bd8e6e3,STARA7,2021-07-25_14h55.08.288,7.0,1.0
108,left,7.42,left,1.151,60fd3be949fc98146bd8e6e3,SURPRISINGB8,2021-07-25_14h55.08.288,8.0,1.0
109,right,7.337000000000001,right,1.7080000000000002,60fd3be949fc98146bd8e6e3,TENNISA9,2021-07-25_14h55.08.288,9.0,1.0
110,right,2.0336,left,0.3045,60fd63348951a954e123762a,COAXINGB0,2021-07-25_09h52.50.243,0.0,-1.0
111,right,1.9512,right,0.5509,60fd63348951a954e123762a,BILLIARDA1,2021-07-25_09h52.50.243,1.0,1.0
112,right,2.8018,right,0.1677,60fd63348951a954e123762a,DRIFTINGA2,2021-07-25_09h52.50.243,2.0,1.0
113,left,5.1027,left,0.6865,60fd63348951a954e123762a,FISHING3,2021-07-25_09h52.50.243,3.0,1.0
114,right,2.9763,right,0.934,60fd63348951a954e123762a,RANDOMMECH4,2021-07-25_09h52.50.243,4.0,1.0
115,left,9.3015,left,0.5945,60fd63348951a954e123762a,SCARING5,2021-07-25_09h52.50.243,5.0,1.0
116,left,6.8522,left,0.7933,60fd63348951a954e123762a,SEDUCINGB6,2021-07-25_09h52.50.243,6.0,1.0
117,right,3.1875,right,0.4192,60fd63348951a954e123762a,STARA7,2021-07-25_09h52.50.243,7.0,1.0
118,left,6.4188,left,0.8669,60fd63348951a954e123762a,SURPRISINGB8,2021-07-25_09h52.50.243,8.0,1.0
119,right,2.8677,right,0.7672,60fd63348951a954e123762a,TENNISA9,2021-07-25_09h52.50.243,9.0,1.0
120,left,6.4807,left,0.5114,60fd4d69ee94e5ea4b165e19,COAXINGB0,2021-07-25_14h55.55.208,0.0,1.0
121,right,3.3828,right,0.8003,60fd4d69ee94e5ea4b165e19,BILLIARDA1,2021-07-25_14h55.55.208,1.0,1.0
122,right,4.4274,right,0.6378,60fd4d69ee94e5ea4b165e19,DRIFTINGA2,2021-07-25_14h55.55.208,2.0,1.0
123,left,4.7083,left,0.7384,60fd4d69ee94e5ea4b165e19,FISHING3,2021-07-25_14h55.55.208,3.0,1.0
124,right,2.3644,,,60fd4d69ee94e5ea4b165e19,RANDOMMECH4,2021-07-25_14h55.55.208,4.0,0.0
125,left,11.1697,left,0.9454,60fd4d69ee94e5ea4b165e19,SCARING5,2021-07-25_14h55.55.208,5.0,1.0
126,left,6.4581,left,0.6757,60fd4d69ee94e5ea4b165e19,SEDUCINGB6,2021-07-25_14h55.55.208,6.0,1.0
127,right,1.7285,right,0.6832,60fd4d69ee94e5ea4b165e19,STARA7,2021-07-25_14h55.55.208,7.0,1.0
128,left,1.7646,left,1.2838,60fd4d69ee94e5ea4b165e19,SURPRISINGB8,2021-07-25_14h55.55.208,8.0,1.0
129,right,2.4459,right,0.8531,60fd4d69ee94e5ea4b165e19,TENNISA9,2021-07-25_14h55.55.208,9.0,1.0
130,left,3.4473,left,0.6769,60fd261c30f691128cd5c465,COAXINGB0,2021-07-25_14h54.37.944,0.0,1.0
131,right,1.8386,right,0.3192,60fd261c30f691128cd5c465,BILLIARDA1,2021-07-25_14h54.37.944,1.0,1.0
132,right,2.9056,right,0.4468,60fd261c30f691128cd5c465,DRIFTINGA2,2021-07-25_14h54.37.944,2.0,1.0
133,left,4.6077,left,0.7902,60fd261c30f691128cd5c465,FISHING3,2021-07-25_14h54.37.944,3.0,1.0
134,right,1.3439,right,1.3132,60fd261c30f691128cd5c465,RANDOMMECH4,2021-07-25_14h54.37.944,4.0,1.0
135,right,5.1744,left,0.397,60fd261c30f691128cd5c465,SCARING5,2021-07-25_14h54.37.944,5.0,-1.0
136,right,2.9555,left,0.5272,60fd261c30f691128cd5c465,SEDUCINGB6,2021-07-25_14h54.37.944,6.0,-1.0
137,right,6.1309,right,0.4556,60fd261c30f691128cd5c465,STARA7,2021-07-25_14h54.37.944,7.0,1.0
138,left,3.4565,left,1.2082,60fd261c30f691128cd5c465,SURPRISINGB8,2021-07-25_14h54.37.944,8.0,1.0
139,right,3.5809,right,1.2675,60fd261c30f691128cd5c465,TENNISA9,2021-07-25_14h54.37.944,9.0,1.0
140,left,3.8974,left,1.8643,60fcee4dc0bea3b23879f0c7,COAXINGB0,2021-07-25_09h39.51.317,0.0,1.0
141,right,4.1296,right,1.6521,60fcee4dc0bea3b23879f0c7,BILLIARDA1,2021-07-25_09h39.51.317,1.0,1.0
142,right,13.968,right,2.4323,60fcee4dc0bea3b23879f0c7,DRIFTINGA2,2021-07-25_09h39.51.317,2.0,1.0
143,left,5.8161,left,1.2859,60fcee4dc0bea3b23879f0c7,FISHING3,2021-07-25_09h39.51.317,3.0,1.0
144,left,14.177999999999999,left,1.2517,60fcee4dc0bea3b23879f0c7,RANDOMMECH4,2021-07-25_09h39.51.317,4.0,1.0
145,left,9.7842,left,1.1874,60fcee4dc0bea3b23879f0c7,SCARING5,2021-07-25_09h39.51.317,5.0,1.0
146,left,5.5443,left,0.9539,60fcee4dc0bea3b23879f0c7,SEDUCINGB6,2021-07-25_09h39.51.317,6.0,1.0
147,right,7.7474,right,1.0192,60fcee4dc0bea3b23879f0c7,STARA7,2021-07-25_09h39.51.317,7.0,1.0
148,left,7.1963,left,1.2696,60fcee4dc0bea3b23879f0c7,SURPRISINGB8,2021-07-25_09h39.51.317,8.0,1.0
149,right,9.3954,left,1.2347,60fcee4dc0bea3b23879f0c7,TENNISA9,2021-07-25_09h39.51.317,9.0,-1.0
150,left,7.0192,left,1.1695,60fd530ff30159b5785d34d7,COAXINGB0,2021-07-25_09h49.10.548,0.0,1.0
151,right,15.1607,down,2.7923,60fd530ff30159b5785d34d7,BILLIARDA1,2021-07-25_09h49.10.548,1.0,0.5
152,right,15.868,right,1.0867,60fd530ff30159b5785d34d7,DRIFTINGA2,2021-07-25_09h49.10.548,2.0,1.0
153,left,7.9749,left,0.5625,60fd530ff30159b5785d34d7,FISHING3,2021-07-25_09h49.10.548,3.0,1.0
154,left,13.5669,left,0.52,60fd530ff30159b5785d34d7,RANDOMMECH4,2021-07-25_09h49.10.548,4.0,1.0
155,left,17.0102,left,0.5021,60fd530ff30159b5785d34d7,SCARING5,2021-07-25_09h49.10.548,5.0,1.0
156,left,11.1045,left,0.6565,60fd530ff30159b5785d34d7,SEDUCINGB6,2021-07-25_09h49.10.548,6.0,1.0
157,right,9.1158,down,2.2266,60fd530ff30159b5785d34d7,STARA7,2021-07-25_09h49.10.548,7.0,0.5
158,left,8.0555,left,1.3728,60fd530ff30159b5785d34d7,SURPRISINGB8,2021-07-25_09h49.10.548,8.0,1.0
159,right,11.081,right,0.7131,60fd530ff30159b5785d34d7,TENNISA9,2021-07-25_09h49.10.548,9.0,1.0
160,left,4.832,left,2.002,60f935e186acc8fa59c26a26,COAXINGB0,2021-07-25_09h00.56.262,0.0,1.0
161,right,5.0760000000000005,right,1.3719999999999999,60f935e186acc8fa59c26a26,BILLIARDA1,2021-07-25_09h00.56.262,1.0,1.0
163,left,2.6439999999999997,left,1.286,60f935e186acc8fa59c26a26,FISHING3,2021-07-25_09h00.56.262,3.0,1.0
164,left,5.053999999999999,left,2.833,60f935e186acc8fa59c26a26,RANDOMMECH4,2021-07-25_09h00.56.262,4.0,1.0
165,left,6.045,,,60f935e186acc8fa59c26a26,SCARING5,2021-07-25_09h00.56.262,5.0,0.0
166,right,2.213,right,1.003,60f935e186acc8fa59c26a26,SEDUCINGB6,2021-07-25_09h00.56.262,6.0,1.0
167,right,2.603,,,60f935e186acc8fa59c26a26,STARA7,2021-07-25_09h00.56.262,7.0,0.0
168,left,2.377,left,1.107,60f935e186acc8fa59c26a26,SURPRISINGB8,2021-07-25_09h00.56.262,8.0,1.0
169,right,1.989,right,1.806,60f935e186acc8fa59c26a26,TENNISA9,2021-07-25_09h00.56.262,9.0,1.0
170,left,3.5531,left,0.9085,60fd4320fbebdd73624cf0e9,COAXINGB0,2021-07-25_14h51.34.911,0.0,1.0
171,right,2.4069,right,0.4582,60fd4320fbebdd73624cf0e9,BILLIARDA1,2021-07-25_14h51.34.911,1.0,1.0
172,right,3.2956,right,0.4977,60fd4320fbebdd73624cf0e9,DRIFTINGA2,2021-07-25_14h51.34.911,2.0,1.0
173,left,5.4195,left,1.0485,60fd4320fbebdd73624cf0e9,FISHING3,2021-07-25_14h51.34.911,3.0,1.0
174,right,2.0741,right,0.8390000000000001,60fd4320fbebdd73624cf0e9,RANDOMMECH4,2021-07-25_14h51.34.911,4.0,1.0
175,left,4.2055,left,0.6504,60fd4320fbebdd73624cf0e9,SCARING5,2021-07-25_14h51.34.911,5.0,1.0
176,left,4.124,left,0.4247,60fd4320fbebdd73624cf0e9,SEDUCINGB6,2021-07-25_14h51.34.911,6.0,1.0
177,right,3.2507,right,0.3672,60fd4320fbebdd73624cf0e9,STARA7,2021-07-25_14h51.34.911,7.0,1.0
178,left,2.7531,left,0.8453,60fd4320fbebdd73624cf0e9,SURPRISINGB8,2021-07-25_14h51.34.911,8.0,1.0
179,right,3.0959,right,0.7645,60fd4320fbebdd73624cf0e9,TENNISA9,2021-07-25_14h51.34.911,9.0,1.0
180,left,2.4184,left,1.248,60fd6286539a250154a3eb6f,COAXINGB0,2021-07-25_09h51.48.620,0.0,1.0
181,right,3.1348,right,1.0695,60fd6286539a250154a3eb6f,BILLIARDA1,2021-07-25_09h51.48.620,1.0,1.0
182,right,5.7008,right,0.8216,60fd6286539a250154a3eb6f,DRIFTINGA2,2021-07-25_09h51.48.620,2.0,1.0
183,left,7.5185,left,2.1015,60fd6286539a250154a3eb6f,FISHING3,2021-07-25_09h51.48.620,3.0,1.0
184,right,2.668,right,1.2339,60fd6286539a250154a3eb6f,RANDOMMECH4,2021-07-25_09h51.48.620,4.0,1.0
185,right,5.4379,left,0.6855,60fd6286539a250154a3eb6f,SCARING5,2021-07-25_09h51.48.620,5.0,-1.0
186,left,5.6195,left,1.4739,60fd6286539a250154a3eb6f,SEDUCINGB6,2021-07-25_09h51.48.620,6.0,1.0
187,right,4.5202,right,0.45299999999999996,60fd6286539a250154a3eb6f,STARA7,2021-07-25_09h51.48.620,7.0,1.0
188,left,6.3547,left,1.1171,60fd6286539a250154a3eb6f,SURPRISINGB8,2021-07-25_09h51.48.620,8.0,1.0
189,right,3.0192,right,1.0494,60fd6286539a250154a3eb6f,TENNISA9,2021-07-25_09h51.48.620,9.0,1.0
190,left,7.7918,left,0.8547,60fd5eb480090422254ed2e6,COAXINGB0,2021-07-25_09h53.36.170,0.0,1.0
191,right,4.123,right,0.8205,60fd5eb480090422254ed2e6,BILLIARDA1,2021-07-25_09h53.36.170,1.0,1.0
192,right,8.6438,right,0.7065,60fd5eb480090422254ed2e6,DRIFTINGA2,2021-07-25_09h53.36.170,2.0,1.0
193,left,9.4088,left,0.9036,60fd5eb480090422254ed2e6,FISHING3,2021-07-25_09h53.36.170,3.0,1.0
194,right,5.7753,right,2.4596,60fd5eb480090422254ed2e6,RANDOMMECH4,2021-07-25_09h53.36.170,4.0,1.0
195,left,17.0819,left,1.0582,60fd5eb480090422254ed2e6,SCARING5,2021-07-25_09h53.36.170,5.0,1.0
196,left,4.8434,left,0.7675,60fd5eb480090422254ed2e6,SEDUCINGB6,2021-07-25_09h53.36.170,6.0,1.0
197,right,5.9756,right,0.4445,60fd5eb480090422254ed2e6,STARA7,2021-07-25_09h53.36.170,7.0,1.0
198,left,6.5436,left,0.8191,60fd5eb480090422254ed2e6,SURPRISINGB8,2021-07-25_09h53.36.170,8.0,1.0
199,left,13.398,down,0.7904,60fd5eb480090422254ed2e6,TENNISA9,2021-07-25_09h53.36.170,9.0,0.5
200,left,6.2099,left,1.3925,5e92f44d5321c16208625036,COAXINGB0,2021-07-25_14h37.57.562,0.0,1.0
201,right,5.8621,right,1.2236,5e92f44d5321c16208625036,BILLIARDA1,2021-07-25_14h37.57.562,1.0,1.0
202,right,5.7152,right,0.6306,5e92f44d5321c16208625036,DRIFTINGA2,2021-07-25_14h37.57.562,2.0,1.0
203,left,13.498,left,1.3669,5e92f44d5321c16208625036,FISHING3,2021-07-25_14h37.57.562,3.0,1.0
204,right,3.7951,right,0.7244,5e92f44d5321c16208625036,RANDOMMECH4,2021-07-25_14h37.57.562,4.0,1.0
205,left,8.3475,left,0.6473,5e92f44d5321c16208625036,SCARING5,2021-07-25_14h37.57.562,5.0,1.0
206,left,4.0032,left,0.3583,5e92f44d5321c16208625036,SEDUCINGB6,2021-07-25_14h37.57.562,6.0,1.0
207,right,2.266,right,1.5013,5e92f44d5321c16208625036,STARA7,2021-07-25_14h37.57.562,7.0,1.0
208,left,5.3048,left,0.4443,5e92f44d5321c16208625036,SURPRISINGB8,2021-07-25_14h37.57.562,8.0,1.0
209,right,9.4164,right,0.6595,5e92f44d5321c16208625036,TENNISA9,2021-07-25_14h37.57.562,9.0,1.0
210,left,2.7619,left,1.0376,60fd4d40eb9f6f597c1e027b,COAXINGB0,2021-07-25_14h42.47.380,0.0,1.0
211,right,3.1547,right,0.6987,60fd4d40eb9f6f597c1e027b,BILLIARDA1,2021-07-25_14h42.47.380,1.0,1.0
212,right,5.4732,right,0.9529,60fd4d40eb9f6f597c1e027b,DRIFTINGA2,2021-07-25_14h42.47.380,2.0,1.0
213,left,7.8247,left,0.5112,60fd4d40eb9f6f597c1e027b,FISHING3,2021-07-25_14h42.47.380,3.0,1.0
214,right,8.091000000000001,right,0.7355,60fd4d40eb9f6f597c1e027b,RANDOMMECH4,2021-07-25_14h42.47.380,4.0,1.0
215,left,10.1877,left,0.8574,60fd4d40eb9f6f597c1e027b,SCARING5,2021-07-25_14h42.47.380,5.0,1.0
216,left,5.1992,left,0.7392,60fd4d40eb9f6f597c1e027b,SEDUCINGB6,2021-07-25_14h42.47.380,6.0,1.0
217,right,2.5327,right,0.5194,60fd4d40eb9f6f597c1e027b,STARA7,2021-07-25_14h42.47.380,7.0,1.0
218,left,3.0316,left,1.3537,60fd4d40eb9f6f597c1e027b,SURPRISINGB8,2021-07-25_14h42.47.380,8.0,1.0
219,right,1.3421,right,0.547,60fd4d40eb9f6f597c1e027b,TENNISA9,2021-07-25_14h42.47.380,9.0,1.0
220,left,2.291,left,0.34299999999999997,60fd1f46b50cf1a9cf362d45,COAXINGB0,2021-07-25_15h45.40.535,0.0,1.0
221,right,1.494,right,0.408,60fd1f46b50cf1a9cf362d45,BILLIARDA1,2021-07-25_15h45.40.535,1.0,1.0
222,right,3.531,right,1.39,60fd1f46b50cf1a9cf362d45,DRIFTINGA2,2021-07-25_15h45.40.535,2.0,1.0
223,left,3.775,left,0.508,60fd1f46b50cf1a9cf362d45,FISHING3,2021-07-25_15h45.40.535,3.0,1.0
224,right,2.4419999999999997,left,2.062,60fd1f46b50cf1a9cf362d45,RANDOMMECH4,2021-07-25_15h45.40.535,4.0,-1.0
225,left,3.077,left,0.36,60fd1f46b50cf1a9cf362d45,SCARING5,2021-07-25_15h45.40.535,5.0,1.0
226,left,2.464,left,1.01,60fd1f46b50cf1a9cf362d45,SEDUCINGB6,2021-07-25_15h45.40.535,6.0,1.0
227,right,2.209,down,1.0590000000000002,60fd1f46b50cf1a9cf362d45,STARA7,2021-07-25_15h45.40.535,7.0,0.5
228,left,3.5669999999999997,left,0.528,60fd1f46b50cf1a9cf362d45,SURPRISINGB8,2021-07-25_15h45.40.535,8.0,1.0
229,right,1.82,right,1.192,60fd1f46b50cf1a9cf362d45,TENNISA9,2021-07-25_15h45.40.535,9.0,1.0
230,left,4.0371,left,0.2846,60fccd2d2c2b8742c60ec31d,COAXINGB0,2021-07-25_09h53.33.896,0.0,1.0
231,right,9.3039,right,0.8869,60fccd2d2c2b8742c60ec31d,BILLIARDA1,2021-07-25_09h53.33.896,1.0,1.0
232,right,10.1521,right,0.6038,60fccd2d2c2b8742c60ec31d,DRIFTINGA2,2021-07-25_09h53.33.896,2.0,1.0
233,left,6.5322,left,0.5038,60fccd2d2c2b8742c60ec31d,FISHING3,2021-07-25_09h53.33.896,3.0,1.0
234,right,6.9064,,,60fccd2d2c2b8742c60ec31d,RANDOMMECH4,2021-07-25_09h53.33.896,4.0,0.0
235,left,16.9239,left,0.3663,60fccd2d2c2b8742c60ec31d,SCARING5,2021-07-25_09h53.33.896,5.0,1.0
236,left,3.1514,left,0.5739,60fccd2d2c2b8742c60ec31d,SEDUCINGB6,2021-07-25_09h53.33.896,6.0,1.0
237,right,6.2845,right,0.5522,60fccd2d2c2b8742c60ec31d,STARA7,2021-07-25_09h53.33.896,7.0,1.0
238,left,5.2567,left,0.486,60fccd2d2c2b8742c60ec31d,SURPRISINGB8,2021-07-25_09h53.33.896,8.0,1.0
239,right,3.1513,right,0.5026,60fccd2d2c2b8742c60ec31d,TENNISA9,2021-07-25_09h53.33.896,9.0,1.0
240,left,1.7381,left,0.4509,60fd5f4c0b01f621a6eb82d4,COAXINGB0,2021-07-25_14h51.11.488,0.0,1.0
241,right,1.7159,right,0.741,60fd5f4c0b01f621a6eb82d4,BILLIARDA1,2021-07-25_14h51.11.488,1.0,1.0
242,right,1.8361,right,0.643,60fd5f4c0b01f621a6eb82d4,DRIFTINGA2,2021-07-25_14h51.11.488,2.0,1.0
243,right,6.6584,left,0.6522,60fd5f4c0b01f621a6eb82d4,FISHING3,2021-07-25_14h51.11.488,3.0,-1.0
244,right,8.0672,right,0.6596,60fd5f4c0b01f621a6eb82d4,RANDOMMECH4,2021-07-25_14h51.11.488,4.0,1.0
245,left,4.4095,left,0.8344,60fd5f4c0b01f621a6eb82d4,SCARING5,2021-07-25_14h51.11.488,5.0,1.0
246,left,1.8792,left,0.2687,60fd5f4c0b01f621a6eb82d4,SEDUCINGB6,2021-07-25_14h51.11.488,6.0,1.0
247,right,4.3799,right,0.3009,60fd5f4c0b01f621a6eb82d4,STARA7,2021-07-25_14h51.11.488,7.0,1.0
248,left,3.0066,left,0.3042,60fd5f4c0b01f621a6eb82d4,SURPRISINGB8,2021-07-25_14h51.11.488,8.0,1.0
249,right,4.0654,right,1.3244,60fd5f4c0b01f621a6eb82d4,TENNISA9,2021-07-25_14h51.11.488,9.0,1.0
250,left,3.4203,left,0.6405,60f1d3b0ad32992f054550b1,COAXINGB0,2021-07-25_14h39.26.958,0.0,1.0
251,right,3.4502,right,0.4847,60f1d3b0ad32992f054550b1,BILLIARDA1,2021-07-25_14h39.26.958,1.0,1.0
252,right,3.5929,right,0.5446,60f1d3b0ad32992f054550b1,DRIFTINGA2,2021-07-25_14h39.26.958,2.0,1.0
253,left,6.2978,left,0.5885,60f1d3b0ad32992f054550b1,FISHING3,2021-07-25_14h39.26.958,3.0,1.0
254,right,1.8216,right,0.8556,60f1d3b0ad32992f054550b1,RANDOMMECH4,2021-07-25_14h39.26.958,4.0,1.0
255,right,6.0895,left,0.7916,60f1d3b0ad32992f054550b1,SCARING5,2021-07-25_14h39.26.958,5.0,-1.0
256,left,4.6112,left,0.873,60f1d3b0ad32992f054550b1,SEDUCINGB6,2021-07-25_14h39.26.958,6.0,1.0
257,right,2.2438,right,0.3288,60f1d3b0ad32992f054550b1,STARA7,2021-07-25_14h39.26.958,7.0,1.0
258,left,3.7684,left,0.8633,60f1d3b0ad32992f054550b1,SURPRISINGB8,2021-07-25_14h39.26.958,8.0,1.0
259,right,1.7202,right,0.8765,60f1d3b0ad32992f054550b1,TENNISA9,2021-07-25_14h39.26.958,9.0,1.0
260,left,1.6219999999999999,left,0.51,60fcbd2d2330ffa69eb038b6,COAXINGB0,2021-07-25_09h54.36.428,0.0,1.0
261,right,1.317,right,0.545,60fcbd2d2330ffa69eb038b6,BILLIARDA1,2021-07-25_09h54.36.428,1.0,1.0
262,right,1.944,right,0.457,60fcbd2d2330ffa69eb038b6,DRIFTINGA2,2021-07-25_09h54.36.428,2.0,1.0
263,left,3.533,left,0.608,60fcbd2d2330ffa69eb038b6,FISHING3,2021-07-25_09h54.36.428,3.0,1.0
264,right,4.96,left,0.64,60fcbd2d2330ffa69eb038b6,RANDOMMECH4,2021-07-25_09h54.36.428,4.0,-1.0
265,left,3.612,left,0.8420000000000001,60fcbd2d2330ffa69eb038b6,SCARING5,2021-07-25_09h54.36.428,5.0,1.0
266,left,3.0469999999999997,left,0.725,60fcbd2d2330ffa69eb038b6,SEDUCINGB6,2021-07-25_09h54.36.428,6.0,1.0
267,right,1.86,right,0.838,60fcbd2d2330ffa69eb038b6,STARA7,2021-07-25_09h54.36.428,7.0,1.0
268,left,3.36,left,1.574,60fcbd2d2330ffa69eb038b6,SURPRISINGB8,2021-07-25_09h54.36.428,8.0,1.0
269,right,2.1180000000000003,,,60fcbd2d2330ffa69eb038b6,TENNISA9,2021-07-25_09h54.36.428,9.0,0.0
270,left,8.8644,left,1.3739,60fccc9d2411dc9547a23fc1,COAXINGB0,2021-07-25_09h52.11.684,0.0,1.0
271,right,4.552,right,1.3559999999999999,60fccc9d2411dc9547a23fc1,BILLIARDA1,2021-07-25_09h52.11.684,1.0,1.0
272,right,16.4009,down,2.0083,60fccc9d2411dc9547a23fc1,DRIFTINGA2,2021-07-25_09h52.11.684,2.0,0.5
273,left,12.6821,left,0.6389,60fccc9d2411dc9547a23fc1,FISHING3,2021-07-25_09h52.11.684,3.0,1.0
274,left,15.0014,down,1.4264,60fccc9d2411dc9547a23fc1,RANDOMMECH4,2021-07-25_09h52.11.684,4.0,0.5
275,left,14.1475,left,0.9101,60fccc9d2411dc9547a23fc1,SCARING5,2021-07-25_09h52.11.684,5.0,1.0
276,left,6.7258,left,1.1765,60fccc9d2411dc9547a23fc1,SEDUCINGB6,2021-07-25_09h52.11.684,6.0,1.0
277,right,18.339000000000002,down,0.7055,60fccc9d2411dc9547a23fc1,STARA7,2021-07-25_09h52.11.684,7.0,0.5
278,left,9.2048,left,1.1009,60fccc9d2411dc9547a23fc1,SURPRISINGB8,2021-07-25_09h52.11.684,8.0,1.0
279,right,13.4744,right,0.8554,60fccc9d2411dc9547a23fc1,TENNISA9,2021-07-25_09h52.11.684,9.0,1.0
280,left,3.1622,left,0.9905,60fd0c9aaef436cfec1151c0,COAXINGB0,2021-07-25_08h55.21.566,0.0,1.0
281,right,2.5892,right,0.6243,60fd0c9aaef436cfec1151c0,BILLIARDA1,2021-07-25_08h55.21.566,1.0,1.0
282,right,3.8509,right,1.0283,60fd0c9aaef436cfec1151c0,DRIFTINGA2,2021-07-25_08h55.21.566,2.0,1.0
283,left,4.0557,left,1.6923,60fd0c9aaef436cfec1151c0,FISHING3,2021-07-25_08h55.21.566,3.0,1.0
284,right,8.1561,right,0.9570000000000001,60fd0c9aaef436cfec1151c0,RANDOMMECH4,2021-07-25_08h55.21.566,4.0,1.0
285,left,8.389,left,1.4609999999999999,60fd0c9aaef436cfec1151c0,SCARING5,2021-07-25_08h55.21.566,5.0,1.0
286,left,4.3513,left,0.5575,60fd0c9aaef436cfec1151c0,SEDUCINGB6,2021-07-25_08h55.21.566,6.0,1.0
287,right,4.1343,right,0.7411,60fd0c9aaef436cfec1151c0,STARA7,2021-07-25_08h55.21.566,7.0,1.0
288,left,2.0898,left,0.4951,60fd0c9aaef436cfec1151c0,SURPRISINGB8,2021-07-25_08h55.21.566,8.0,1.0
289,right,8.0255,left,0.9626,60fd0c9aaef436cfec1151c0,TENNISA9,2021-07-25_08h55.21.566,9.0,-1.0
290,left,2.3387,left,0.9387,60fd50c45abc043f18da32d4,COAXINGB0,2021-07-25_14h52.30.126,0.0,1.0
291,right,4.1157,right,0.4554,60fd50c45abc043f18da32d4,BILLIARDA1,2021-07-25_14h52.30.126,1.0,1.0
292,right,8.8132,right,1.4162,60fd50c45abc043f18da32d4,DRIFTINGA2,2021-07-25_14h52.30.126,2.0,1.0
293,left,8.1848,left,0.7599,60fd50c45abc043f18da32d4,FISHING3,2021-07-25_14h52.30.126,3.0,1.0
294,right,10.6901,right,1.0536,60fd50c45abc043f18da32d4,RANDOMMECH4,2021-07-25_14h52.30.126,4.0,1.0
295,left,12.557,left,0.4683,60fd50c45abc043f18da32d4,SCARING5,2021-07-25_14h52.30.126,5.0,1.0
296,left,2.7107,left,0.6061,60fd50c45abc043f18da32d4,SEDUCINGB6,2021-07-25_14h52.30.126,6.0,1.0
297,right,8.2316,right,0.42100000000000004,60fd50c45abc043f18da32d4,STARA7,2021-07-25_14h52.30.126,7.0,1.0
298,left,5.277,left,0.5381,60fd50c45abc043f18da32d4,SURPRISINGB8,2021-07-25_14h52.30.126,8.0,1.0
299,right,9.2962,right,0.8195,60fd50c45abc043f18da32d4,TENNISA9,2021-07-25_14h52.30.126,9.0,1.0
300,left,2.525,left,0.703,60fd3b3b0aa9d30c90fa6854,COAXINGB0,2021-07-25_14h52.24.008,0.0,1.0
301,right,3.7489999999999997,right,0.595,60fd3b3b0aa9d30c90fa6854,BILLIARDA1,2021-07-25_14h52.24.008,1.0,1.0
302,right,4.532,right,1.103,60fd3b3b0aa9d30c90fa6854,DRIFTINGA2,2021-07-25_14h52.24.008,2.0,1.0
303,left,5.332000000000001,left,0.649,60fd3b3b0aa9d30c90fa6854,FISHING3,2021-07-25_14h52.24.008,3.0,1.0
304,right,5.629,right,0.609,60fd3b3b0aa9d30c90fa6854,RANDOMMECH4,2021-07-25_14h52.24.008,4.0,1.0
305,left,8.137,left,0.919,60fd3b3b0aa9d30c90fa6854,SCARING5,2021-07-25_14h52.24.008,5.0,1.0
306,left,5.976,left,2.5860000000000003,60fd3b3b0aa9d30c90fa6854,SEDUCINGB6,2021-07-25_14h52.24.008,6.0,1.0
307,right,4.66,right,0.313,60fd3b3b0aa9d30c90fa6854,STARA7,2021-07-25_14h52.24.008,7.0,1.0
308,left,6.327999999999999,left,1.185,60fd3b3b0aa9d30c90fa6854,SURPRISINGB8,2021-07-25_14h52.24.008,8.0,1.0
309,right,6.751,right,0.4,60fd3b3b0aa9d30c90fa6854,TENNISA9,2021-07-25_14h52.24.008,9.0,1.0
310,left,3.7314,left,1.7324,60fcd92bb9cc94731b9f9ccd,COAXINGB0,2021-07-25_09h57.15.537,0.0,1.0
311,right,3.6636,right,1.4508,60fcd92bb9cc94731b9f9ccd,BILLIARDA1,2021-07-25_09h57.15.537,1.0,1.0
312,right,3.9227,right,0.6696,60fcd92bb9cc94731b9f9ccd,DRIFTINGA2,2021-07-25_09h57.15.537,2.0,1.0
313,left,6.2819,left,0.9187,60fcd92bb9cc94731b9f9ccd,FISHING3,2021-07-25_09h57.15.537,3.0,1.0
314,right,2.2323,right,1.2848,60fcd92bb9cc94731b9f9ccd,RANDOMMECH4,2021-07-25_09h57.15.537,4.0,1.0
315,right,6.1567,left,0.7719,60fcd92bb9cc94731b9f9ccd,SCARING5,2021-07-25_09h57.15.537,5.0,-1.0
316,left,4.8858,left,0.7754,60fcd92bb9cc94731b9f9ccd,SEDUCINGB6,2021-07-25_09h57.15.537,6.0,1.0
317,right,4.4769,right,0.4227,60fcd92bb9cc94731b9f9ccd,STARA7,2021-07-25_09h57.15.537,7.0,1.0
318,left,5.2296,left,0.6494,60fcd92bb9cc94731b9f9ccd,SURPRISINGB8,2021-07-25_09h57.15.537,8.0,1.0
319,right,5.6208,right,1.0027,60fcd92bb9cc94731b9f9ccd,TENNISA9,2021-07-25_09h57.15.537,9.0,1.0
320,left,3.6719999999999997,left,0.3786,60fd5a9ee362c7476eaabecd,COAXINGB0,2021-07-25_14h50.01.061,0.0,1.0
321,right,3.8096,right,0.3838,60fd5a9ee362c7476eaabecd,BILLIARDA1,2021-07-25_14h50.01.061,1.0,1.0
322,right,4.1885,right,0.4567,60fd5a9ee362c7476eaabecd,DRIFTINGA2,2021-07-25_14h50.01.061,2.0,1.0
323,left,7.3819,left,0.3233,60fd5a9ee362c7476eaabecd,FISHING3,2021-07-25_14h50.01.061,3.0,1.0
324,right,3.9742,right,0.9834,60fd5a9ee362c7476eaabecd,RANDOMMECH4,2021-07-25_14h50.01.061,4.0,1.0
325,right,8.9847,left,0.3961,60fd5a9ee362c7476eaabecd,SCARING5,2021-07-25_14h50.01.061,5.0,-1.0
326,left,4.4952,left,0.3014,60fd5a9ee362c7476eaabecd,SEDUCINGB6,2021-07-25_14h50.01.061,6.0,1.0
327,right,1.5918,left,0.5502,60fd5a9ee362c7476eaabecd,STARA7,2021-07-25_14h50.01.061,7.0,-1.0
328,left,5.6217,left,0.3418,60fd5a9ee362c7476eaabecd,SURPRISINGB8,2021-07-25_14h50.01.061,8.0,1.0
329,right,1.8586,right,1.5744,60fd5a9ee362c7476eaabecd,TENNISA9,2021-07-25_14h50.01.061,9.0,1.0
330,left,3.609,left,1.484,60fd5dabaa42e0724887d03e,COAXINGB0,2021-07-25_09h47.58.826,0.0,1.0
331,right,4.204,right,1.409,60fd5dabaa42e0724887d03e,BILLIARDA1,2021-07-25_09h47.58.826,1.0,1.0
332,right,4.888999999999999,right,0.977,60fd5dabaa42e0724887d03e,DRIFTINGA2,2021-07-25_09h47.58.826,2.0,1.0
333,left,5.327999999999999,left,1.209,60fd5dabaa42e0724887d03e,FISHING3,2021-07-25_09h47.58.826,3.0,1.0
334,right,3.925,right,1.469,60fd5dabaa42e0724887d03e,RANDOMMECH4,2021-07-25_09h47.58.826,4.0,1.0
335,left,9.611,left,1.06,60fd5dabaa42e0724887d03e,SCARING5,2021-07-25_09h47.58.826,5.0,1.0
336,left,5.64,left,1.078,60fd5dabaa42e0724887d03e,SEDUCINGB6,2021-07-25_09h47.58.826,6.0,1.0
337,right,7.33,right,0.853,60fd5dabaa42e0724887d03e,STARA7,2021-07-25_09h47.58.826,7.0,1.0
338,left,6.959,left,1.46,60fd5dabaa42e0724887d03e,SURPRISINGB8,2021-07-25_09h47.58.826,8.0,1.0
339,right,4.138999999999999,down,1.025,60fd5dabaa42e0724887d03e,TENNISA9,2021-07-25_09h47.58.826,9.0,0.5
350,right,7.2693,,,60fd5a6524ea7df7355b9541,COAXINGB0,2021-07-25_14h54.12.725,0.0,0.0
351,right,6.8511,right,0.5449,60fd5a6524ea7df7355b9541,BILLIARDA1,2021-07-25_14h54.12.725,1.0,1.0
352,left,10.6218,right,2.6027,60fd5a6524ea7df7355b9541,DRIFTINGA2,2021-07-25_14h54.12.725,2.0,-1.0
353,right,9.4018,left,0.4256,60fd5a6524ea7df7355b9541,FISHING3,2021-07-25_14h54.12.725,3.0,-1.0
354,left,14.2898,left,0.968,60fd5a6524ea7df7355b9541,RANDOMMECH4,2021-07-25_14h54.12.725,4.0,1.0
355,left,18.1534,left,1.5764,60fd5a6524ea7df7355b9541,SCARING5,2021-07-25_14h54.12.725,5.0,1.0
356,left,10.2484,left,0.8752,60fd5a6524ea7df7355b9541,SEDUCINGB6,2021-07-25_14h54.12.725,6.0,1.0
357,right,9.2989,right,0.9684,60fd5a6524ea7df7355b9541,STARA7,2021-07-25_14h54.12.725,7.0,1.0
358,left,6.935,left,0.5177,60fd5a6524ea7df7355b9541,SURPRISINGB8,2021-07-25_14h54.12.725,8.0,1.0
359,left,12.9696,left,0.5836,60fd5a6524ea7df7355b9541,TENNISA9,2021-07-25_14h54.12.725,9.0,1.0
360,left,11.639000000000001,left,0.9775,60fca4ea3370270b8bf97614,COAXINGB0,2021-07-25_08h43.05.378,0.0,1.0
361,right,2.0654,right,1.928200001,60fca4ea3370270b8bf97614,BILLIARDA1,2021-07-25_08h43.05.378,1.0,1.0
362,right,7.898,right,1.3674,60fca4ea3370270b8bf97614,DRIFTINGA2,2021-07-25_08h43.05.378,2.0,1.0
363,left,6.3176,left,2.05,60fca4ea3370270b8bf97614,FISHING3,2021-07-25_08h43.05.378,3.0,1.0
364,right,6.019700001,right,1.1365,60fca4ea3370270b8bf97614,RANDOMMECH4,2021-07-25_08h43.05.378,4.0,1.0
365,left,16.417,left,1.5705,60fca4ea3370270b8bf97614,SCARING5,2021-07-25_08h43.05.378,5.0,1.0
366,left,3.2871,left,0.972599998,60fca4ea3370270b8bf97614,SEDUCINGB6,2021-07-25_08h43.05.378,6.0,1.0
367,right,3.1394,right,0.35070000100000004,60fca4ea3370270b8bf97614,STARA7,2021-07-25_08h43.05.378,7.0,1.0
368,left,2.443800001,left,1.2664,60fca4ea3370270b8bf97614,SURPRISINGB8,2021-07-25_08h43.05.378,8.0,1.0
369,right,3.2512000010000004,right,1.1256,60fca4ea3370270b8bf97614,TENNISA9,2021-07-25_08h43.05.378,9.0,1.0
370,left,3.0718,left,0.7574,60fa42027b870ef7e200e355,COAXINGB0,2021-07-25_14h56.20.562,0.0,1.0
371,right,3.7935,right,0.8814,60fa42027b870ef7e200e355,BILLIARDA1,2021-07-25_14h56.20.562,1.0,1.0
372,right,4.2517,right,0.6049,60fa42027b870ef7e200e355,DRIFTINGA2,2021-07-25_14h56.20.562,2.0,1.0
373,right,9.3686,left,1.8913,60fa42027b870ef7e200e355,FISHING3,2021-07-25_14h56.20.562,3.0,-1.0
374,right,13.4062,right,1.1798,60fa42027b870ef7e200e355,RANDOMMECH4,2021-07-25_14h56.20.562,4.0,1.0
375,left,11.0404,left,1.1084,60fa42027b870ef7e200e355,SCARING5,2021-07-25_14h56.20.562,5.0,1.0
376,left,4.5178,left,0.8226,60fa42027b870ef7e200e355,SEDUCINGB6,2021-07-25_14h56.20.562,6.0,1.0
377,right,6.0681,right,0.647,60fa42027b870ef7e200e355,STARA7,2021-07-25_14h56.20.562,7.0,1.0
378,right,6.5375,,,60fa42027b870ef7e200e355,SURPRISINGB8,2021-07-25_14h56.20.562,8.0,0.0
379,right,8.4465,right,1.1263,60fa42027b870ef7e200e355,TENNISA9,2021-07-25_14h56.20.562,9.0,1.0
380,left,3.48,left,1.1059999999999999,60fd09b7d8f4081c41972a85,COAXINGB0,2021-07-25_14h56.50.559,0.0,1.0
381,right,2.8280000000000003,right,0.953,60fd09b7d8f4081c41972a85,BILLIARDA1,2021-07-25_14h56.50.559,1.0,1.0
382,right,8.691,right,0.821,60fd09b7d8f4081c41972a85,DRIFTINGA2,2021-07-25_14h56.50.559,2.0,1.0
383,left,6.296,left,0.77,60fd09b7d8f4081c41972a85,FISHING3,2021-07-25_14h56.50.559,3.0,1.0
384,right,6.779,left,1.253,60fd09b7d8f4081c41972a85,RANDOMMECH4,2021-07-25_14h56.50.559,4.0,-1.0
385,left,11.215,left,1.119,60fd09b7d8f4081c41972a85,SCARING5,2021-07-25_14h56.50.559,5.0,1.0
386,left,8.59,left,1.489,60fd09b7d8f4081c41972a85,SEDUCINGB6,2021-07-25_14h56.50.559,6.0,1.0
387,right,7.571000000000001,right,1.047,60fd09b7d8f4081c41972a85,STARA7,2021-07-25_14h56.50.559,7.0,1.0
388,left,4.1739999999999995,,,60fd09b7d8f4081c41972a85,SURPRISINGB8,2021-07-25_14h56.50.559,8.0,0.0
389,right,1.939,right,0.579,60fd09b7d8f4081c41972a85,TENNISA9,2021-07-25_14h56.50.559,9.0,1.0
390,left,3.2710000000000004,left,0.73,5f557058f325f713d247001c,COAXINGB0,2021-07-25_09h41.54.553,0.0,1.0
391,right,1.7790000000000001,right,0.469,5f557058f325f713d247001c,BILLIARDA1,2021-07-25_09h41.54.553,1.0,1.0
392,right,2.553,right,0.40299999999999997,5f557058f325f713d247001c,DRIFTINGA2,2021-07-25_09h41.54.553,2.0,1.0
393,left,4.72,left,0.653,5f557058f325f713d247001c,FISHING3,2021-07-25_09h41.54.553,3.0,1.0
394,right,4.251,left,0.8240000000000001,5f557058f325f713d247001c,RANDOMMECH4,2021-07-25_09h41.54.553,4.0,-1.0
395,left,16.505,left,0.6809999999999999,5f557058f325f713d247001c,SCARING5,2021-07-25_09h41.54.553,5.0,1.0
396,left,4.072,left,0.318,5f557058f325f713d247001c,SEDUCINGB6,2021-07-25_09h41.54.553,6.0,1.0
397,right,3.5189999999999997,right,0.514,5f557058f325f713d247001c,STARA7,2021-07-25_09h41.54.553,7.0,1.0
398,left,5.346,left,0.6890000000000001,5f557058f325f713d247001c,SURPRISINGB8,2021-07-25_09h41.54.553,8.0,1.0
399,right,3.199,right,0.74,5f557058f325f713d247001c,TENNISA9,2021-07-25_09h41.54.553,9.0,1.0
400,left,5.797000000000001,left,0.622,60fd1a4ec5d8bb2753e9c7aa,COAXINGB0,2021-07-25_14h55.54.035,0.0,1.0
401,right,4.673,right,0.20199999999999999,60fd1a4ec5d8bb2753e9c7aa,BILLIARDA1,2021-07-25_14h55.54.035,1.0,1.0
402,left,9.385,right,0.069,60fd1a4ec5d8bb2753e9c7aa,DRIFTINGA2,2021-07-25_14h55.54.035,2.0,-1.0
403,left,14.845,left,0.773,60fd1a4ec5d8bb2753e9c7aa,FISHING3,2021-07-25_14h55.54.035,3.0,1.0
404,right,5.624,right,0.377,60fd1a4ec5d8bb2753e9c7aa,RANDOMMECH4,2021-07-25_14h55.54.035,4.0,1.0
405,right,9.952,left,0.8220000000000001,60fd1a4ec5d8bb2753e9c7aa,SCARING5,2021-07-25_14h55.54.035,5.0,-1.0
406,left,13.87,left,0.35600000000000004,60fd1a4ec5d8bb2753e9c7aa,SEDUCINGB6,2021-07-25_14h55.54.035,6.0,1.0
407,right,6.468,right,0.271,60fd1a4ec5d8bb2753e9c7aa,STARA7,2021-07-25_14h55.54.035,7.0,1.0
408,left,7.4479999999999995,left,0.51,60fd1a4ec5d8bb2753e9c7aa,SURPRISINGB8,2021-07-25_14h55.54.035,8.0,1.0
409,right,3.8810000000000002,down,0.527,60fd1a4ec5d8bb2753e9c7aa,TENNISA9,2021-07-25_14h55.54.035,9.0,0.5
410,left,12.4651,left,0.7525,60fd49768e4a108cebdf0d68,COAXINGB0,2021-07-25_14h52.41.354,0.0,1.0
411,right,7.4134,right,2.0513,60fd49768e4a108cebdf0d68,BILLIARDA1,2021-07-25_14h52.41.354,1.0,1.0
412,right,9.9627,right,1.5689,60fd49768e4a108cebdf0d68,DRIFTINGA2,2021-07-25_14h52.41.354,2.0,1.0
413,left,13.2634,left,0.9,60fd49768e4a108cebdf0d68,FISHING3,2021-07-25_14h52.41.354,3.0,1.0
414,right,3.68,right,0.8125,60fd49768e4a108cebdf0d68,RANDOMMECH4,2021-07-25_14h52.41.354,4.0,1.0
415,right,13.7013,,,60fd49768e4a108cebdf0d68,SCARING5,2021-07-25_14h52.41.354,5.0,0.0
416,left,4.835,left,1.0004,60fd49768e4a108cebdf0d68,SEDUCINGB6,2021-07-25_14h52.41.354,6.0,1.0
417,right,2.314,right,0.6785,60fd49768e4a108cebdf0d68,STARA7,2021-07-25_14h52.41.354,7.0,1.0
418,left,6.9304,left,1.0354,60fd49768e4a108cebdf0d68,SURPRISINGB8,2021-07-25_14h52.41.354,8.0,1.0
419,right,6.6801,right,1.2655,60fd49768e4a108cebdf0d68,TENNISA9,2021-07-25_14h52.41.354,9.0,1.0
420,left,2.2371,left,0.8186,60fd3ce6f3f4fc43bc33674d,COAXINGB0,2021-07-25_14h36.45.063,0.0,1.0
421,right,6.3955,right,1.1351,60fd3ce6f3f4fc43bc33674d,BILLIARDA1,2021-07-25_14h36.45.063,1.0,1.0
422,right,11.9814,right,0.6986,60fd3ce6f3f4fc43bc33674d,DRIFTINGA2,2021-07-25_14h36.45.063,2.0,1.0
423,left,6.3635,left,1.1925,60fd3ce6f3f4fc43bc33674d,FISHING3,2021-07-25_14h36.45.063,3.0,1.0
424,right,2.6887,right,2.8781,60fd3ce6f3f4fc43bc33674d,RANDOMMECH4,2021-07-25_14h36.45.063,4.0,1.0
425,left,7.5691,left,1.1178,60fd3ce6f3f4fc43bc33674d,SCARING5,2021-07-25_14h36.45.063,5.0,1.0
426,left,4.4343,left,0.3372,60fd3ce6f3f4fc43bc33674d,SEDUCINGB6,2021-07-25_14h36.45.063,6.0,1.0
427,right,5.6739,right,1.8699,60fd3ce6f3f4fc43bc33674d,STARA7,2021-07-25_14h36.45.063,7.0,1.0
428,left,6.0133,left,0.579,60fd3ce6f3f4fc43bc33674d,SURPRISINGB8,2021-07-25_14h36.45.063,8.0,1.0
429,right,8.7548,,,60fd3ce6f3f4fc43bc33674d,TENNISA9,2021-07-25_14h36.45.063,9.0,0.0
430,left,3.7053,left,1.6438,60fd3f1d5c78ab751bfb50b1,COAXINGB0,2021-07-25_14h50.40.962,0.0,1.0
431,right,5.0528,right,0.9325,60fd3f1d5c78ab751bfb50b1,BILLIARDA1,2021-07-25_14h50.40.962,1.0,1.0
432,right,6.5766,right,1.5486,60fd3f1d5c78ab751bfb50b1,DRIFTINGA2,2021-07-25_14h50.40.962,2.0,1.0
433,left,13.302999999999999,left,1.6354,60fd3f1d5c78ab751bfb50b1,FISHING3,2021-07-25_14h50.40.962,3.0,1.0
434,right,10.7335,down,2.1325,60fd3f1d5c78ab751bfb50b1,RANDOMMECH4,2021-07-25_14h50.40.962,4.0,0.5
435,left,17.1551,left,0.8446,60fd3f1d5c78ab751bfb50b1,SCARING5,2021-07-25_14h50.40.962,5.0,1.0
436,left,5.1231,left,0.9902,60fd3f1d5c78ab751bfb50b1,SEDUCINGB6,2021-07-25_14h50.40.962,6.0,1.0
437,right,5.6875,right,0.6225,60fd3f1d5c78ab751bfb50b1,STARA7,2021-07-25_14h50.40.962,7.0,1.0
438,left,7.0736,left,1.4767,60fd3f1d5c78ab751bfb50b1,SURPRISINGB8,2021-07-25_14h50.40.962,8.0,1.0
439,right,10.166,right,1.0432,60fd3f1d5c78ab751bfb50b1,TENNISA9,2021-07-25_14h50.40.962,9.0,1.0
440,left,3.2139,left,0.9344,60fd3cacc03a2a54f8c17de8,COAXINGB0,2021-07-25_14h41.20.437,0.0,1.0
441,right,4.2411,,,60fd3cacc03a2a54f8c17de8,BILLIARDA1,2021-07-25_14h41.20.437,1.0,0.0
442,right,15.0107,down,0.5926,60fd3cacc03a2a54f8c17de8,DRIFTINGA2,2021-07-25_14h41.20.437,2.0,0.5
443,right,9.2406,left,0.7086,60fd3cacc03a2a54f8c17de8,FISHING3,2021-07-25_14h41.20.437,3.0,-1.0
444,right,6.2765,left,0.3913,60fd3cacc03a2a54f8c17de8,RANDOMMECH4,2021-07-25_14h41.20.437,4.0,-1.0
445,left,7.9821,left,0.5802,60fd3cacc03a2a54f8c17de8,SCARING5,2021-07-25_14h41.20.437,5.0,1.0
446,left,3.6002,left,0.3292,60fd3cacc03a2a54f8c17de8,SEDUCINGB6,2021-07-25_14h41.20.437,6.0,1.0
447,right,5.5741,down,0.4039,60fd3cacc03a2a54f8c17de8,STARA7,2021-07-25_14h41.20.437,7.0,0.5
448,left,2.2728,left,0.9185,60fd3cacc03a2a54f8c17de8,SURPRISINGB8,2021-07-25_14h41.20.437,8.0,1.0
449,right,7.5584,down,0.5133,60fd3cacc03a2a54f8c17de8,TENNISA9,2021-07-25_14h41.20.437,9.0,0.5
450,left,2.8591,left,2.2471,60fd31a5576f27d25fe6feef,COAXINGB0,2021-07-25_14h50.00.848,0.0,1.0
451,right,6.821000000000001,right,1.2745,60fd31a5576f27d25fe6feef,BILLIARDA1,2021-07-25_14h50.00.848,1.0,1.0
452,right,12.8036,right,1.1898,60fd31a5576f27d25fe6feef,DRIFTINGA2,2021-07-25_14h50.00.848,2.0,1.0
453,left,13.4073,left,1.0887,60fd31a5576f27d25fe6feef,FISHING3,2021-07-25_14h50.00.848,3.0,1.0
454,right,15.8621,right,0.9284,60fd31a5576f27d25fe6feef,RANDOMMECH4,2021-07-25_14h50.00.848,4.0,1.0
456,left,4.9136,left,0.8546,60fd31a5576f27d25fe6feef,SEDUCINGB6,2021-07-25_14h50.00.848,6.0,1.0
457,left,14.4929,left,0.6559999999999999,60fd31a5576f27d25fe6feef,STARA7,2021-07-25_14h50.00.848,7.0,1.0
458,left,15.7775,left,0.1245,60fd31a5576f27d25fe6feef,SURPRISINGB8,2021-07-25_14h50.00.848,8.0,1.0
459,left,11.7696,,,60fd31a5576f27d25fe6feef,TENNISA9,2021-07-25_14h50.00.848,9.0,0.0
460,left,7.6245,left,1.1193,60fd56a57e174dba3df2b562,COAXINGB0,2021-07-25_09h54.25.759,0.0,1.0
461,right,9.2404,right,1.2582,60fd56a57e174dba3df2b562,BILLIARDA1,2021-07-25_09h54.25.759,1.0,1.0
462,right,10.478,right,1.577,60fd56a57e174dba3df2b562,DRIFTINGA2,2021-07-25_09h54.25.759,2.0,1.0
463,left,7.9358,left,0.7391,60fd56a57e174dba3df2b562,FISHING3,2021-07-25_09h54.25.759,3.0,1.0
464,right,7.9181,right,0.812,60fd56a57e174dba3df2b562,RANDOMMECH4,2021-07-25_09h54.25.759,4.0,1.0
465,left,9.764,left,0.6276,60fd56a57e174dba3df2b562,SCARING5,2021-07-25_09h54.25.759,5.0,1.0
466,left,15.1359,left,0.9666,60fd56a57e174dba3df2b562,SEDUCINGB6,2021-07-25_09h54.25.759,6.0,1.0
467,right,5.0718,right,0.7083,60fd56a57e174dba3df2b562,STARA7,2021-07-25_09h54.25.759,7.0,1.0
468,left,6.4013,left,0.7358,60fd56a57e174dba3df2b562,SURPRISINGB8,2021-07-25_09h54.25.759,8.0,1.0
469,left,12.9335,left,1.8563,60fd56a57e174dba3df2b562,TENNISA9,2021-07-25_09h54.25.759,9.0,1.0
470,left,5.0793,left,2.0729,60fd5a653182efdafe0089d9,COAXINGB0,2021-07-25_09h54.37.632,0.0,1.0
471,right,11.2933,right,1.8479,60fd5a653182efdafe0089d9,BILLIARDA1,2021-07-25_09h54.37.632,1.0,1.0
472,right,15.7374,right,1.547,60fd5a653182efdafe0089d9,DRIFTINGA2,2021-07-25_09h54.37.632,2.0,1.0
473,left,19.8026,,,60fd5a653182efdafe0089d9,FISHING3,2021-07-25_09h54.37.632,3.0,0.0
475,left,5.0026,left,1.4234,60fd5a653182efdafe0089d9,SCARING5,2021-07-25_09h54.37.632,5.0,1.0
476,left,9.2693,left,1.17,60fd5a653182efdafe0089d9,SEDUCINGB6,2021-07-25_09h54.37.632,6.0,1.0
477,right,2.8518,right,1.4225,60fd5a653182efdafe0089d9,STARA7,2021-07-25_09h54.37.632,7.0,1.0
478,left,7.4943,left,1.4569999999999999,60fd5a653182efdafe0089d9,SURPRISINGB8,2021-07-25_09h54.37.632,8.0,1.0
479,right,3.6206,right,1.7555,60fd5a653182efdafe0089d9,TENNISA9,2021-07-25_09h54.37.632,9.0,1.0
480,left,2.8179,left,1.6083,60fcbc0b079e2cfc50954745,COAXINGB0,2021-07-25_14h53.05.974,0.0,1.0
481,right,6.5974,right,1.5737,60fcbc0b079e2cfc50954745,BILLIARDA1,2021-07-25_14h53.05.974,1.0,1.0
482,right,7.1848,right,2.0023,60fcbc0b079e2cfc50954745,DRIFTINGA2,2021-07-25_14h53.05.974,2.0,1.0
483,left,8.2737,left,1.9367,60fcbc0b079e2cfc50954745,FISHING3,2021-07-25_14h53.05.974,3.0,1.0
484,right,8.2114,right,1.1602,60fcbc0b079e2cfc50954745,RANDOMMECH4,2021-07-25_14h53.05.974,4.0,1.0
485,left,14.1757,left,2.0679,60fcbc0b079e2cfc50954745,SCARING5,2021-07-25_14h53.05.974,5.0,1.0
486,left,8.1685,left,1.2881,60fcbc0b079e2cfc50954745,SEDUCINGB6,2021-07-25_14h53.05.974,6.0,1.0
487,right,7.6703,right,1.2851,60fcbc0b079e2cfc50954745,STARA7,2021-07-25_14h53.05.974,7.0,1.0
488,left,7.2889,left,1.1235,60fcbc0b079e2cfc50954745,SURPRISINGB8,2021-07-25_14h53.05.974,8.0,1.0
489,right,8.5845,right,1.2209,60fcbc0b079e2cfc50954745,TENNISA9,2021-07-25_14h53.05.974,9.0,1.0
490,left,8.5285,left,0.6852,60fd21f6facc9198f1b25024,COAXINGB0,2021-07-25_14h52.28.330,0.0,1.0
491,right,5.2279,right,0.5684,60fd21f6facc9198f1b25024,BILLIARDA1,2021-07-25_14h52.28.330,1.0,1.0
492,right,3.7418,right,0.5517,60fd21f6facc9198f1b25024,DRIFTINGA2,2021-07-25_14h52.28.330,2.0,1.0
493,left,3.444,left,0.9525,60fd21f6facc9198f1b25024,FISHING3,2021-07-25_14h52.28.330,3.0,1.0
494,right,4.3384,left,0.8021,60fd21f6facc9198f1b25024,RANDOMMECH4,2021-07-25_14h52.28.330,4.0,-1.0
495,right,10.9222,left,0.6019,60fd21f6facc9198f1b25024,SCARING5,2021-07-25_14h52.28.330,5.0,-1.0
496,left,7.1007,left,0.5329,60fd21f6facc9198f1b25024,SEDUCINGB6,2021-07-25_14h52.28.330,6.0,1.0
497,left,15.2978,,,60fd21f6facc9198f1b25024,STARA7,2021-07-25_14h52.28.330,7.0,0.0
498,left,8.2506,left,0.5684,60fd21f6facc9198f1b25024,SURPRISINGB8,2021-07-25_14h52.28.330,8.0,1.0
499,right,4.81,right,0.8632,60fd21f6facc9198f1b25024,TENNISA9,2021-07-25_14h52.28.330,9.0,1.0
500,left,4.3385,left,1.3736,60fd3ee974bc5043e6b94568,COAXINGB0,2021-07-25_14h49.42.531,0.0,1.0
501,right,6.6915,right,1.0563,60fd3ee974bc5043e6b94568,BILLIARDA1,2021-07-25_14h49.42.531,1.0,1.0
502,right,12.0032,right,1.2796,60fd3ee974bc5043e6b94568,DRIFTINGA2,2021-07-25_14h49.42.531,2.0,1.0
503,left,8.328,left,1.7471,60fd3ee974bc5043e6b94568,FISHING3,2021-07-25_14h49.42.531,3.0,1.0
504,right,17.7065,right,0.7202,60fd3ee974bc5043e6b94568,RANDOMMECH4,2021-07-25_14h49.42.531,4.0,1.0
505,left,9.913,left,0.6844,60fd3ee974bc5043e6b94568,SCARING5,2021-07-25_14h49.42.531,5.0,1.0
506,left,6.4356,left,1.2690000000000001,60fd3ee974bc5043e6b94568,SEDUCINGB6,2021-07-25_14h49.42.531,6.0,1.0
507,right,10.8494,right,1.1574,60fd3ee974bc5043e6b94568,STARA7,2021-07-25_14h49.42.531,7.0,1.0
508,left,10.4594,left,0.4508,60fd3ee974bc5043e6b94568,SURPRISINGB8,2021-07-25_14h49.42.531,8.0,1.0
509,right,7.4862,right,0.684,60fd3ee974bc5043e6b94568,TENNISA9,2021-07-25_14h49.42.531,9.0,1.0
510,left,2.795,left,0.535,60fd2684f0d43c2468464efd,COAXINGB0,2021-07-25_14h51.30.758,0.0,1.0
511,right,5.397,right,1.063,60fd2684f0d43c2468464efd,BILLIARDA1,2021-07-25_14h51.30.758,1.0,1.0
512,right,10.895999999999999,right,2.7889999999999997,60fd2684f0d43c2468464efd,DRIFTINGA2,2021-07-25_14h51.30.758,2.0,1.0
513,left,4.727,left,1.254,60fd2684f0d43c2468464efd,FISHING3,2021-07-25_14h51.30.758,3.0,1.0
514,right,14.739,right,1.148,60fd2684f0d43c2468464efd,RANDOMMECH4,2021-07-25_14h51.30.758,4.0,1.0
515,left,7.523,left,0.953,60fd2684f0d43c2468464efd,SCARING5,2021-07-25_14h51.30.758,5.0,1.0
516,left,6.143,left,0.42,60fd2684f0d43c2468464efd,SEDUCINGB6,2021-07-25_14h51.30.758,6.0,1.0
517,right,6.558,right,1.052,60fd2684f0d43c2468464efd,STARA7,2021-07-25_14h51.30.758,7.0,1.0
518,left,5.3629999999999995,left,0.524,60fd2684f0d43c2468464efd,SURPRISINGB8,2021-07-25_14h51.30.758,8.0,1.0
519,right,5.372999999999999,right,1.72,60fd2684f0d43c2468464efd,TENNISA9,2021-07-25_14h51.30.758,9.0,1.0
520,left,3.3003,left,1.3625,60f741a459f545fc1624185b,COAXINGB0,2021-07-25_14h50.16.144,0.0,1.0
521,right,7.7199,right,0.9364,60f741a459f545fc1624185b,BILLIARDA1,2021-07-25_14h50.16.144,1.0,1.0
522,right,5.9305,right,0.4235,60f741a459f545fc1624185b,DRIFTINGA2,2021-07-25_14h50.16.144,2.0,1.0
523,right,8.9813,left,1.0505,60f741a459f545fc1624185b,FISHING3,2021-07-25_14h50.16.144,3.0,-1.0
524,right,19.2662,right,1.4671,60f741a459f545fc1624185b,RANDOMMECH4,2021-07-25_14h50.16.144,4.0,1.0
525,left,13.6007,left,0.8858,60f741a459f545fc1624185b,SCARING5,2021-07-25_14h50.16.144,5.0,1.0
526,left,5.8295,left,0.7545,60f741a459f545fc1624185b,SEDUCINGB6,2021-07-25_14h50.16.144,6.0,1.0
527,right,7.0042,right,0.8189,60f741a459f545fc1624185b,STARA7,2021-07-25_14h50.16.144,7.0,1.0
528,left,9.5514,left,1.0561,60f741a459f545fc1624185b,SURPRISINGB8,2021-07-25_14h50.16.144,8.0,1.0
529,right,8.2015,right,0.7569,60f741a459f545fc1624185b,TENNISA9,2021-07-25_14h50.16.144,9.0,1.0
530,left,2.784,left,0.3995,60fcd8ef6c745ad2d3cd05d2,COAXINGB0,2021-07-25_06h44.18.886,0.0,1.0
531,right,7.087000000000001,right,0.5867,60fcd8ef6c745ad2d3cd05d2,BILLIARDA1,2021-07-25_06h44.18.886,1.0,1.0
532,right,9.3964,right,0.2366,60fcd8ef6c745ad2d3cd05d2,DRIFTINGA2,2021-07-25_06h44.18.886,2.0,1.0
533,left,10.251,left,0.3212,60fcd8ef6c745ad2d3cd05d2,FISHING3,2021-07-25_06h44.18.886,3.0,1.0
534,right,7.0994,right,0.3528,60fcd8ef6c745ad2d3cd05d2,RANDOMMECH4,2021-07-25_06h44.18.886,4.0,1.0
535,left,7.1657,left,0.6019,60fcd8ef6c745ad2d3cd05d2,SCARING5,2021-07-25_06h44.18.886,5.0,1.0
536,left,3.5379,left,0.2011,60fcd8ef6c745ad2d3cd05d2,SEDUCINGB6,2021-07-25_06h44.18.886,6.0,1.0
537,right,3.2181,right,0.3203,60fcd8ef6c745ad2d3cd05d2,STARA7,2021-07-25_06h44.18.886,7.0,1.0
538,left,4.8349,left,0.3961,60fcd8ef6c745ad2d3cd05d2,SURPRISINGB8,2021-07-25_06h44.18.886,8.0,1.0
539,right,3.5145,right,0.6696,60fcd8ef6c745ad2d3cd05d2,TENNISA9,2021-07-25_06h44.18.886,9.0,1.0
540,left,5.6848,left,1.4394,60fcb73980e155fb48bb94d9,COAXINGB0,2021-07-25_09h49.04.379,0.0,1.0
541,right,3.968,right,1.3508,60fcb73980e155fb48bb94d9,BILLIARDA1,2021-07-25_09h49.04.379,1.0,1.0
542,right,3.8859,right,1.0524,60fcb73980e155fb48bb94d9,DRIFTINGA2,2021-07-25_09h49.04.379,2.0,1.0
543,left,6.7185,left,1.5362,60fcb73980e155fb48bb94d9,FISHING3,2021-07-25_09h49.04.379,3.0,1.0
544,right,3.4368,right,0.8511,60fcb73980e155fb48bb94d9,RANDOMMECH4,2021-07-25_09h49.04.379,4.0,1.0
545,left,8.3848,left,0.8687,60fcb73980e155fb48bb94d9,SCARING5,2021-07-25_09h49.04.379,5.0,1.0
546,left,3.4049,left,1.6047,60fcb73980e155fb48bb94d9,SEDUCINGB6,2021-07-25_09h49.04.379,6.0,1.0
547,right,2.7194,right,1.1188,60fcb73980e155fb48bb94d9,STARA7,2021-07-25_09h49.04.379,7.0,1.0
548,left,2.7699,left,1.4338,60fcb73980e155fb48bb94d9,SURPRISINGB8,2021-07-25_09h49.04.379,8.0,1.0
549,right,3.1848,right,1.2497,60fcb73980e155fb48bb94d9,TENNISA9,2021-07-25_09h49.04.379,9.0,1.0
550,left,2.5862,left,0.6893,60fd4227a0da73a530f9c5a7,COAXINGB0,2021-07-25_14h57.57.970,0.0,1.0
551,right,1.9125,right,0.4427,60fd4227a0da73a530f9c5a7,BILLIARDA1,2021-07-25_14h57.57.970,1.0,1.0
552,right,3.3952,right,0.4405,60fd4227a0da73a530f9c5a7,DRIFTINGA2,2021-07-25_14h57.57.970,2.0,1.0
553,left,4.663,left,0.8214,60fd4227a0da73a530f9c5a7,FISHING3,2021-07-25_14h57.57.970,3.0,1.0
554,right,9.0069,down,1.1441,60fd4227a0da73a530f9c5a7,RANDOMMECH4,2021-07-25_14h57.57.970,4.0,0.5
555,left,3.7431,left,0.424,60fd4227a0da73a530f9c5a7,SCARING5,2021-07-25_14h57.57.970,5.0,1.0
556,left,3.8551,left,0.3917,60fd4227a0da73a530f9c5a7,SEDUCINGB6,2021-07-25_14h57.57.970,6.0,1.0
557,right,3.6228,right,0.5934,60fd4227a0da73a530f9c5a7,STARA7,2021-07-25_14h57.57.970,7.0,1.0
558,left,3.5186,left,1.0586,60fd4227a0da73a530f9c5a7,SURPRISINGB8,2021-07-25_14h57.57.970,8.0,1.0
559,right,4.1941,down,0.4358,60fd4227a0da73a530f9c5a7,TENNISA9,2021-07-25_14h57.57.970,9.0,0.5
560,left,14.7985,left,1.0011,60fd5f139921694432b15562,COAXINGB0,2021-07-25_09h43.02.412,0.0,1.0
561,right,3.3167,right,0.9508,60fd5f139921694432b15562,BILLIARDA1,2021-07-25_09h43.02.412,1.0,1.0
562,right,3.0996,right,0.5008,60fd5f139921694432b15562,DRIFTINGA2,2021-07-25_09h43.02.412,2.0,1.0
563,left,5.7816,left,0.8697,60fd5f139921694432b15562,FISHING3,2021-07-25_09h43.02.412,3.0,1.0
564,right,2.1652,right,1.1174,60fd5f139921694432b15562,RANDOMMECH4,2021-07-25_09h43.02.412,4.0,1.0
565,left,16.7486,left,0.7668,60fd5f139921694432b15562,SCARING5,2021-07-25_09h43.02.412,5.0,1.0
566,left,5.5151,left,1.0841,60fd5f139921694432b15562,SEDUCINGB6,2021-07-25_09h43.02.412,6.0,1.0
567,right,3.8295,right,1.4165,60fd5f139921694432b15562,STARA7,2021-07-25_09h43.02.412,7.0,1.0
568,left,6.1487,left,0.3843,60fd5f139921694432b15562,SURPRISINGB8,2021-07-25_09h43.02.412,8.0,1.0
569,right,4.149,right,1.3503,60fd5f139921694432b15562,TENNISA9,2021-07-25_09h43.02.412,9.0,1.0
570,right,7.8881,left,0.5486,60fd24993bf281c38f430aba,COAXINGB0,2021-07-25_14h55.19.085,0.0,-1.0
571,left,5.7932,right,0.5475,60fd24993bf281c38f430aba,BILLIARDA1,2021-07-25_14h55.19.085,1.0,-1.0
572,right,8.1913,right,0.4338,60fd24993bf281c38f430aba,DRIFTINGA2,2021-07-25_14h55.19.085,2.0,1.0
573,left,6.0074,left,1.4011,60fd24993bf281c38f430aba,FISHING3,2021-07-25_14h55.19.085,3.0,1.0
574,right,6.0474,right,0.6845,60fd24993bf281c38f430aba,RANDOMMECH4,2021-07-25_14h55.19.085,4.0,1.0
575,left,6.9662,right,0.5903,60fd24993bf281c38f430aba,SCARING5,2021-07-25_14h55.19.085,5.0,-1.0
576,left,5.1146,left,0.5644,60fd24993bf281c38f430aba,SEDUCINGB6,2021-07-25_14h55.19.085,6.0,1.0
577,right,6.7814,right,0.4848,60fd24993bf281c38f430aba,STARA7,2021-07-25_14h55.19.085,7.0,1.0
578,left,6.5552,left,0.5012,60fd24993bf281c38f430aba,SURPRISINGB8,2021-07-25_14h55.19.085,8.0,1.0
579,right,8.4165,left,0.7012,60fd24993bf281c38f430aba,TENNISA9,2021-07-25_14h55.19.085,9.0,-1.0
580,left,1.6018,left,0.4777,60fd4f8bcf203e8452b79f1a,COAXINGB0,2021-07-25_14h53.51.589,0.0,1.0
581,right,1.8805,right,0.3536,60fd4f8bcf203e8452b79f1a,BILLIARDA1,2021-07-25_14h53.51.589,1.0,1.0
582,right,4.9931,right,0.6515,60fd4f8bcf203e8452b79f1a,DRIFTINGA2,2021-07-25_14h53.51.589,2.0,1.0
583,left,3.8912,left,0.5141,60fd4f8bcf203e8452b79f1a,FISHING3,2021-07-25_14h53.51.589,3.0,1.0
584,right,4.2835,left,0.7586,60fd4f8bcf203e8452b79f1a,RANDOMMECH4,2021-07-25_14h53.51.589,4.0,-1.0
585,left,8.4743,left,0.3366,60fd4f8bcf203e8452b79f1a,SCARING5,2021-07-25_14h53.51.589,5.0,1.0
586,left,4.8121,left,0.5176,60fd4f8bcf203e8452b79f1a,SEDUCINGB6,2021-07-25_14h53.51.589,6.0,1.0
587,right,2.725,right,0.872,60fd4f8bcf203e8452b79f1a,STARA7,2021-07-25_14h53.51.589,7.0,1.0
588,left,5.0108,left,0.3759,60fd4f8bcf203e8452b79f1a,SURPRISINGB8,2021-07-25_14h53.51.589,8.0,1.0
589,right,2.5654,right,0.4015,60fd4f8bcf203e8452b79f1a,TENNISA9,2021-07-25_14h53.51.589,9.0,1.0
590,left,6.6978,left,0.5554,60fd3aa866ca3a64750a213d,COAXINGB0,2021-07-25_14h45.26.245,0.0,1.0
591,right,2.4444,right,0.3676,60fd3aa866ca3a64750a213d,BILLIARDA1,2021-07-25_14h45.26.245,1.0,1.0
592,right,5.2292,right,0.2769,60fd3aa866ca3a64750a213d,DRIFTINGA2,2021-07-25_14h45.26.245,2.0,1.0
593,left,6.7101,down,0.6081,60fd3aa866ca3a64750a213d,FISHING3,2021-07-25_14h45.26.245,3.0,0.5
594,right,2.1121,right,1.1411,60fd3aa866ca3a64750a213d,RANDOMMECH4,2021-07-25_14h45.26.245,4.0,1.0
595,right,1.5752,left,0.4147,60fd3aa866ca3a64750a213d,SCARING5,2021-07-25_14h45.26.245,5.0,-1.0
596,left,5.2437,left,0.4509,60fd3aa866ca3a64750a213d,SEDUCINGB6,2021-07-25_14h45.26.245,6.0,1.0
597,right,2.6479,right,0.2344,60fd3aa866ca3a64750a213d,STARA7,2021-07-25_14h45.26.245,7.0,1.0
598,left,1.7439,left,0.7564,60fd3aa866ca3a64750a213d,SURPRISINGB8,2021-07-25_14h45.26.245,8.0,1.0
599,right,5.3763,right,0.5754,60fd3aa866ca3a64750a213d,TENNISA9,2021-07-25_14h45.26.245,9.0,1.0
600,left,5.54798,left,0.73711,60fd425ac67ad9df08457fd2,COAXINGB0,2021-07-25_14h50.25.742,0.0,1.0
601,right,4.1338349999999995,right,0.546585,60fd425ac67ad9df08457fd2,BILLIARDA1,2021-07-25_14h50.25.742,1.0,1.0
602,right,5.645435,right,1.090225,60fd425ac67ad9df08457fd2,DRIFTINGA2,2021-07-25_14h50.25.742,2.0,1.0
603,left,5.446594999999999,left,1.367615,60fd425ac67ad9df08457fd2,FISHING3,2021-07-25_14h50.25.742,3.0,1.0
604,right,2.49662,right,0.581445,60fd425ac67ad9df08457fd2,RANDOMMECH4,2021-07-25_14h50.25.742,4.0,1.0
605,left,14.76136,down,2.38563,60fd425ac67ad9df08457fd2,SCARING5,2021-07-25_14h50.25.742,5.0,0.5
606,left,4.62056,left,0.389395,60fd425ac67ad9df08457fd2,SEDUCINGB6,2021-07-25_14h50.25.742,6.0,1.0
607,right,7.228525,right,0.35267,60fd425ac67ad9df08457fd2,STARA7,2021-07-25_14h50.25.742,7.0,1.0
608,left,4.56657,left,0.43765,60fd425ac67ad9df08457fd2,SURPRISINGB8,2021-07-25_14h50.25.742,8.0,1.0
609,right,6.680585000000001,right,1.315965,60fd425ac67ad9df08457fd2,TENNISA9,2021-07-25_14h50.25.742,9.0,1.0
610,left,2.6947,left,0.7797,60ede2f9e9aced79841374bf,COAXINGB0,2021-07-25_14h45.44.459,0.0,1.0
611,right,4.5359,right,0.8732,60ede2f9e9aced79841374bf,BILLIARDA1,2021-07-25_14h45.44.459,1.0,1.0
612,right,9.4982,right,0.5288,60ede2f9e9aced79841374bf,DRIFTINGA2,2021-07-25_14h45.44.459,2.0,1.0
613,left,13.7071,left,1.2868,60ede2f9e9aced79841374bf,FISHING3,2021-07-25_14h45.44.459,3.0,1.0
614,right,19.075,right,1.6857,60ede2f9e9aced79841374bf,RANDOMMECH4,2021-07-25_14h45.44.459,4.0,1.0
615,left,17.1988,left,1.2681,60ede2f9e9aced79841374bf,SCARING5,2021-07-25_14h45.44.459,5.0,1.0
616,left,5.0083,left,0.3945,60ede2f9e9aced79841374bf,SEDUCINGB6,2021-07-25_14h45.44.459,6.0,1.0
617,right,9.3094,right,0.4212,60ede2f9e9aced79841374bf,STARA7,2021-07-25_14h45.44.459,7.0,1.0
618,left,12.2458,right,0.7246,60ede2f9e9aced79841374bf,SURPRISINGB8,2021-07-25_14h45.44.459,8.0,-1.0
619,left,16.762999999999998,left,1.3758,60ede2f9e9aced79841374bf,TENNISA9,2021-07-25_14h45.44.459,9.0,1.0
620,left,3.1897,left,1.2097,5d2e326cccc2f8001a9461c5,COAXINGB0,2021-07-25_14h41.20.573,0.0,1.0
621,right,2.1741,right,0.5014,5d2e326cccc2f8001a9461c5,BILLIARDA1,2021-07-25_14h41.20.573,1.0,1.0
622,right,3.4119,right,0.2916,5d2e326cccc2f8001a9461c5,DRIFTINGA2,2021-07-25_14h41.20.573,2.0,1.0
623,left,5.4101,left,1.2844,5d2e326cccc2f8001a9461c5,FISHING3,2021-07-25_14h41.20.573,3.0,1.0
624,right,2.8953,right,0.9531,5d2e326cccc2f8001a9461c5,RANDOMMECH4,2021-07-25_14h41.20.573,4.0,1.0
625,left,2.9582,left,1.4369,5d2e326cccc2f8001a9461c5,SCARING5,2021-07-25_14h41.20.573,5.0,1.0
626,left,1.974,left,0.5376,5d2e326cccc2f8001a9461c5,SEDUCINGB6,2021-07-25_14h41.20.573,6.0,1.0
627,right,1.8212,right,0.4709,5d2e326cccc2f8001a9461c5,STARA7,2021-07-25_14h41.20.573,7.0,1.0
628,left,3.8008,left,0.4631,5d2e326cccc2f8001a9461c5,SURPRISINGB8,2021-07-25_14h41.20.573,8.0,1.0
629,right,1.8691,right,0.5034,5d2e326cccc2f8001a9461c5,TENNISA9,2021-07-25_14h41.20.573,9.0,1.0
630,left,3.8251,left,1.3699,60fd3c0a922a885df80da09a,COAXINGB0,2021-07-25_14h53.07.506,0.0,1.0
631,right,4.4079,right,1.5513,60fd3c0a922a885df80da09a,BILLIARDA1,2021-07-25_14h53.07.506,1.0,1.0
632,right,5.9239999999999995,right,1.4064,60fd3c0a922a885df80da09a,DRIFTINGA2,2021-07-25_14h53.07.506,2.0,1.0
633,left,5.6552,left,1.0555,60fd3c0a922a885df80da09a,FISHING3,2021-07-25_14h53.07.506,3.0,1.0
634,right,4.7852,left,1.073,60fd3c0a922a885df80da09a,RANDOMMECH4,2021-07-25_14h53.07.506,4.0,-1.0
635,left,10.4118,left,1.1958,60fd3c0a922a885df80da09a,SCARING5,2021-07-25_14h53.07.506,5.0,1.0
636,left,3.4895,left,1.0894,60fd3c0a922a885df80da09a,SEDUCINGB6,2021-07-25_14h53.07.506,6.0,1.0
637,right,6.8586,right,1.3394,60fd3c0a922a885df80da09a,STARA7,2021-07-25_14h53.07.506,7.0,1.0
638,left,7.9747,left,1.7179,60fd3c0a922a885df80da09a,SURPRISINGB8,2021-07-25_14h53.07.506,8.0,1.0
639,right,6.7986,right,1.0716,60fd3c0a922a885df80da09a,TENNISA9,2021-07-25_14h53.07.506,9.0,1.0
640,left,4.765,left,1.188,60fd5133c11cd688fb9d3776,COAXINGB0,2021-07-25_14h40.00.558,0.0,1.0
641,right,5.247000000000001,right,0.509,60fd5133c11cd688fb9d3776,BILLIARDA1,2021-07-25_14h40.00.558,1.0,1.0
642,right,6.146,right,0.774,60fd5133c11cd688fb9d3776,DRIFTINGA2,2021-07-25_14h40.00.558,2.0,1.0
643,left,5.912000000000001,left,0.573,60fd5133c11cd688fb9d3776,FISHING3,2021-07-25_14h40.00.558,3.0,1.0
644,right,9.043,right,0.708,60fd5133c11cd688fb9d3776,RANDOMMECH4,2021-07-25_14h40.00.558,4.0,1.0
645,left,14.682,left,1.692,60fd5133c11cd688fb9d3776,SCARING5,2021-07-25_14h40.00.558,5.0,1.0
646,left,5.779,left,0.457,60fd5133c11cd688fb9d3776,SEDUCINGB6,2021-07-25_14h40.00.558,6.0,1.0
647,right,10.462,right,0.541,60fd5133c11cd688fb9d3776,STARA7,2021-07-25_14h40.00.558,7.0,1.0
648,left,6.312,left,1.222,60fd5133c11cd688fb9d3776,SURPRISINGB8,2021-07-25_14h40.00.558,8.0,1.0
650,left,5.8707,left,1.8889,60fd3759ee03e6095918afb3,COAXINGB0,2021-07-25_14h55.07.612,0.0,1.0
651,right,5.7944,right,1.0548,60fd3759ee03e6095918afb3,BILLIARDA1,2021-07-25_14h55.07.612,1.0,1.0
652,right,8.0656,right,1.1049,60fd3759ee03e6095918afb3,DRIFTINGA2,2021-07-25_14h55.07.612,2.0,1.0
653,left,9.0202,left,2.3635,60fd3759ee03e6095918afb3,FISHING3,2021-07-25_14h55.07.612,3.0,1.0
654,right,14.9453,right,1.7354,60fd3759ee03e6095918afb3,RANDOMMECH4,2021-07-25_14h55.07.612,4.0,1.0
655,left,11.1475,left,1.2344,60fd3759ee03e6095918afb3,SCARING5,2021-07-25_14h55.07.612,5.0,1.0
656,left,5.8837,left,0.5354,60fd3759ee03e6095918afb3,SEDUCINGB6,2021-07-25_14h55.07.612,6.0,1.0
657,right,10.1685,right,0.9198,60fd3759ee03e6095918afb3,STARA7,2021-07-25_14h55.07.612,7.0,1.0
658,left,7.2777,left,1.1991,60fd3759ee03e6095918afb3,SURPRISINGB8,2021-07-25_14h55.07.612,8.0,1.0
659,right,10.6648,right,1.0325,60fd3759ee03e6095918afb3,TENNISA9,2021-07-25_14h55.07.612,9.0,1.0
660,left,6.0378,left,0.889,60fca974f769359b993e3662,COAXINGB0,2021-07-25_15h28.26.870,0.0,1.0
661,right,9.2315,right,0.6682,60fca974f769359b993e3662,BILLIARDA1,2021-07-25_15h28.26.870,1.0,1.0
662,right,15.2485,right,0.4729,60fca974f769359b993e3662,DRIFTINGA2,2021-07-25_15h28.26.870,2.0,1.0
663,left,13.251,left,0.5193,60fca974f769359b993e3662,FISHING3,2021-07-25_15h28.26.870,3.0,1.0
664,right,8.1243,right,0.4474,60fca974f769359b993e3662,RANDOMMECH4,2021-07-25_15h28.26.870,4.0,1.0
666,left,5.1893,left,0.6562,60fca974f769359b993e3662,SEDUCINGB6,2021-07-25_15h28.26.870,6.0,1.0
667,right,6.4204,right,0.8344,60fca974f769359b993e3662,STARA7,2021-07-25_15h28.26.870,7.0,1.0
668,left,6.3825,left,0.758,60fca974f769359b993e3662,SURPRISINGB8,2021-07-25_15h28.26.870,8.0,1.0
669,right,6.0998,right,0.5989,60fca974f769359b993e3662,TENNISA9,2021-07-25_15h28.26.870,9.0,1.0
670,left,2.4577,left,1.3524,60fd2543ec3c8504ef23326b,COAXINGB0,2021-07-25_14h54.19.467,0.0,1.0
671,right,2.7696,right,1.2671,60fd2543ec3c8504ef23326b,BILLIARDA1,2021-07-25_14h54.19.467,1.0,1.0
672,right,5.3669,right,1.2176,60fd2543ec3c8504ef23326b,DRIFTINGA2,2021-07-25_14h54.19.467,2.0,1.0
673,left,7.0194,left,1.2161,60fd2543ec3c8504ef23326b,FISHING3,2021-07-25_14h54.19.467,3.0,1.0
674,right,9.2784,,,60fd2543ec3c8504ef23326b,RANDOMMECH4,2021-07-25_14h54.19.467,4.0,0.0
675,left,4.3053,left,0.4679,60fd2543ec3c8504ef23326b,SCARING5,2021-07-25_14h54.19.467,5.0,1.0
676,left,2.2337,left,0.4919,60fd2543ec3c8504ef23326b,SEDUCINGB6,2021-07-25_14h54.19.467,6.0,1.0
677,right,5.8504,right,0.3184,60fd2543ec3c8504ef23326b,STARA7,2021-07-25_14h54.19.467,7.0,1.0
678,left,2.7314,left,0.7512,60fd2543ec3c8504ef23326b,SURPRISINGB8,2021-07-25_14h54.19.467,8.0,1.0
679,right,3.742,right,1.0403,60fd2543ec3c8504ef23326b,TENNISA9,2021-07-25_14h54.19.467,9.0,1.0
680,left,1.7377650000000002,left,0.675365,60fd57551b4e51c7ccb8b964,COAXINGB0,2021-07-25_08h55.00.693,0.0,1.0
681,right,1.70763,right,0.42081999999999997,60fd57551b4e51c7ccb8b964,BILLIARDA1,2021-07-25_08h55.00.693,1.0,1.0
682,right,1.9956,right,0.396215,60fd57551b4e51c7ccb8b964,DRIFTINGA2,2021-07-25_08h55.00.693,2.0,1.0
683,left,3.2386049999999997,left,0.5324399999999999,60fd57551b4e51c7ccb8b964,FISHING3,2021-07-25_08h55.00.693,3.0,1.0
684,right,3.7235699999999996,right,0.56686,60fd57551b4e51c7ccb8b964,RANDOMMECH4,2021-07-25_08h55.00.693,4.0,1.0
685,left,3.120695,left,0.66704,60fd57551b4e51c7ccb8b964,SCARING5,2021-07-25_08h55.00.693,5.0,1.0
686,left,1.7434599999999998,left,0.502415,60fd57551b4e51c7ccb8b964,SEDUCINGB6,2021-07-25_08h55.00.693,6.0,1.0
687,right,3.271865,right,0.333505,60fd57551b4e51c7ccb8b964,STARA7,2021-07-25_08h55.00.693,7.0,1.0
688,left,2.891465,left,0.68505,60fd57551b4e51c7ccb8b964,SURPRISINGB8,2021-07-25_08h55.00.693,8.0,1.0
689,right,3.0917950000000003,right,0.553705,60fd57551b4e51c7ccb8b964,TENNISA9,2021-07-25_08h55.00.693,9.0,1.0
690,left,1.6159999999999999,left,0.526,60fd3c5291d0f0dee602f170,COAXINGB0,2021-07-25_14h51.28.136,0.0,1.0
691,right,1.281,right,0.315,60fd3c5291d0f0dee602f170,BILLIARDA1,2021-07-25_14h51.28.136,1.0,1.0
692,right,1.601,right,0.43700000000000006,60fd3c5291d0f0dee602f170,DRIFTINGA2,2021-07-25_14h51.28.136,2.0,1.0
693,right,1.935,left,0.49,60fd3c5291d0f0dee602f170,FISHING3,2021-07-25_14h51.28.136,3.0,-1.0
694,right,1.915,right,0.588,60fd3c5291d0f0dee602f170,RANDOMMECH4,2021-07-25_14h51.28.136,4.0,1.0
695,left,2.88,left,0.435,60fd3c5291d0f0dee602f170,SCARING5,2021-07-25_14h51.28.136,5.0,1.0
696,left,1.385,left,0.401,60fd3c5291d0f0dee602f170,SEDUCINGB6,2021-07-25_14h51.28.136,6.0,1.0
697,right,1.338,right,0.38,60fd3c5291d0f0dee602f170,STARA7,2021-07-25_14h51.28.136,7.0,1.0
698,right,1.317,left,0.545,60fd3c5291d0f0dee602f170,SURPRISINGB8,2021-07-25_14h51.28.136,8.0,-1.0
699,right,1.719,right,1.048,60fd3c5291d0f0dee602f170,TENNISA9,2021-07-25_14h51.28.136,9.0,1.0
700,left,2.5565,left,0.6684,60fd25a432269a6bd21c46e4,COAXINGB0,2021-07-25_14h54.54.402,0.0,1.0
701,right,2.5799,right,0.5293,60fd25a432269a6bd21c46e4,BILLIARDA1,2021-07-25_14h54.54.402,1.0,1.0
702,right,4.5416,right,0.3891,60fd25a432269a6bd21c46e4,DRIFTINGA2,2021-07-25_14h54.54.402,2.0,1.0
703,left,6.2332,left,1.0892,60fd25a432269a6bd21c46e4,FISHING3,2021-07-25_14h54.54.402,3.0,1.0
704,right,10.0159,right,0.6676,60fd25a432269a6bd21c46e4,RANDOMMECH4,2021-07-25_14h54.54.402,4.0,1.0
705,left,8.1666,left,0.9053,60fd25a432269a6bd21c46e4,SCARING5,2021-07-25_14h54.54.402,5.0,1.0
706,left,2.6906,left,0.7189,60fd25a432269a6bd21c46e4,SEDUCINGB6,2021-07-25_14h54.54.402,6.0,1.0
707,left,2.2415,down,1.4359,60fd25a432269a6bd21c46e4,STARA7,2021-07-25_14h54.54.402,7.0,0.5
708,left,2.3795,left,1.306,60fd25a432269a6bd21c46e4,SURPRISINGB8,2021-07-25_14h54.54.402,8.0,1.0
709,right,5.5215,right,1.0451,60fd25a432269a6bd21c46e4,TENNISA9,2021-07-25_14h54.54.402,9.0,1.0
710,left,2.5752,left,0.3935,60fcf0d2f2038f65598d7f03,COAXINGB0,2021-07-25_06h46.25.011,0.0,1.0
711,right,6.3766,right,1.1086,60fcf0d2f2038f65598d7f03,BILLIARDA1,2021-07-25_06h46.25.011,1.0,1.0
712,right,11.4774,right,0.6996,60fcf0d2f2038f65598d7f03,DRIFTINGA2,2021-07-25_06h46.25.011,2.0,1.0
713,left,8.9519,left,1.2552,60fcf0d2f2038f65598d7f03,FISHING3,2021-07-25_06h46.25.011,3.0,1.0
714,right,13.0871,right,1.0683,60fcf0d2f2038f65598d7f03,RANDOMMECH4,2021-07-25_06h46.25.011,4.0,1.0
715,left,8.3987,left,0.4911,60fcf0d2f2038f65598d7f03,SCARING5,2021-07-25_06h46.25.011,5.0,1.0
716,left,7.5571,left,1.0844,60fcf0d2f2038f65598d7f03,SEDUCINGB6,2021-07-25_06h46.25.011,6.0,1.0
717,right,7.1821,right,1.155,60fcf0d2f2038f65598d7f03,STARA7,2021-07-25_06h46.25.011,7.0,1.0
718,left,15.344000000000001,left,0.6361,60fcf0d2f2038f65598d7f03,SURPRISINGB8,2021-07-25_06h46.25.011,8.0,1.0
719,right,4.1401,right,0.6728,60fcf0d2f2038f65598d7f03,TENNISA9,2021-07-25_06h46.25.011,9.0,1.0
720,left,2.8544,left,0.9851,60fd5ea9618ce54354099747,COAXINGB0,2021-07-25_09h49.43.374,0.0,1.0
721,right,3.8074,,,60fd5ea9618ce54354099747,BILLIARDA1,2021-07-25_09h49.43.374,1.0,0.0
722,right,4.2714,right,2.6348,60fd5ea9618ce54354099747,DRIFTINGA2,2021-07-25_09h49.43.374,2.0,1.0
723,left,5.7783,left,1.1347,60fd5ea9618ce54354099747,FISHING3,2021-07-25_09h49.43.374,3.0,1.0
724,right,3.6066,,,60fd5ea9618ce54354099747,RANDOMMECH4,2021-07-25_09h49.43.374,4.0,0.0
725,left,4.5075,left,1.0884,60fd5ea9618ce54354099747,SCARING5,2021-07-25_09h49.43.374,5.0,1.0
726,left,4.6781,left,0.6082,60fd5ea9618ce54354099747,SEDUCINGB6,2021-07-25_09h49.43.374,6.0,1.0
727,right,2.0895,right,1.2411,60fd5ea9618ce54354099747,STARA7,2021-07-25_09h49.43.374,7.0,1.0
728,left,2.625,left,0.784,60fd5ea9618ce54354099747,SURPRISINGB8,2021-07-25_09h49.43.374,8.0,1.0
729,right,2.3765,right,2.2006,60fd5ea9618ce54354099747,TENNISA9,2021-07-25_09h49.43.374,9.0,1.0
730,left,3.6513,left,0.8007,60fd5d2a77c24656ca2f355f,COAXINGB0,2021-07-25_09h41.35.513,0.0,1.0
731,right,6.5174,right,0.6197,60fd5d2a77c24656ca2f355f,BILLIARDA1,2021-07-25_09h41.35.513,1.0,1.0
732,right,12.7687,right,0.7006,60fd5d2a77c24656ca2f355f,DRIFTINGA2,2021-07-25_09h41.35.513,2.0,1.0
733,left,9.6999,left,0.8684,60fd5d2a77c24656ca2f355f,FISHING3,2021-07-25_09h41.35.513,3.0,1.0
734,left,18.0022,left,1.1349,60fd5d2a77c24656ca2f355f,RANDOMMECH4,2021-07-25_09h41.35.513,4.0,1.0
735,left,12.8515,left,0.6683,60fd5d2a77c24656ca2f355f,SCARING5,2021-07-25_09h41.35.513,5.0,1.0
736,left,5.0849,left,0.4851,60fd5d2a77c24656ca2f355f,SEDUCINGB6,2021-07-25_09h41.35.513,6.0,1.0
737,right,9.8186,right,0.3731,60fd5d2a77c24656ca2f355f,STARA7,2021-07-25_09h41.35.513,7.0,1.0
738,left,4.0172,left,0.501,60fd5d2a77c24656ca2f355f,SURPRISINGB8,2021-07-25_09h41.35.513,8.0,1.0
739,right,6.5001,left,1.0512,60fd5d2a77c24656ca2f355f,TENNISA9,2021-07-25_09h41.35.513,9.0,-1.0
740,left,6.6537,left,0.8553,60fcd50b67d6708deccd0346,COAXINGB0,2021-07-25_09h42.17.009,0.0,1.0
741,right,2.0845,right,0.8834,60fcd50b67d6708deccd0346,BILLIARDA1,2021-07-25_09h42.17.009,1.0,1.0
742,right,2.7715,right,0.6156,60fcd50b67d6708deccd0346,DRIFTINGA2,2021-07-25_09h42.17.009,2.0,1.0
743,left,4.8478,left,1.4206,60fcd50b67d6708deccd0346,FISHING3,2021-07-25_09h42.17.009,3.0,1.0
744,right,1.704,right,1.1520000000000001,60fcd50b67d6708deccd0346,RANDOMMECH4,2021-07-25_09h42.17.009,4.0,1.0
745,right,10.6876,left,0.6511,60fcd50b67d6708deccd0346,SCARING5,2021-07-25_09h42.17.009,5.0,-1.0
746,left,6.2887,left,0.6225,60fcd50b67d6708deccd0346,SEDUCINGB6,2021-07-25_09h42.17.009,6.0,1.0
747,right,3.7873,right,0.52,60fcd50b67d6708deccd0346,STARA7,2021-07-25_09h42.17.009,7.0,1.0
748,left,6.1583,left,0.5696,60fcd50b67d6708deccd0346,SURPRISINGB8,2021-07-25_09h42.17.009,8.0,1.0
749,right,1.4527,right,0.6899,60fcd50b67d6708deccd0346,TENNISA9,2021-07-25_09h42.17.009,9.0,1.0
750,left,7.3012,,,60fd2cbed05b3aea83d7f9f3,COAXINGB0,2021-07-25_14h47.00.192,0.0,0.0
751,right,3.2989,right,0.4837,60fd2cbed05b3aea83d7f9f3,BILLIARDA1,2021-07-25_14h47.00.192,1.0,1.0
752,right,5.0284,right,0.4343,60fd2cbed05b3aea83d7f9f3,DRIFTINGA2,2021-07-25_14h47.00.192,2.0,1.0
753,left,3.6854,left,0.9179,60fd2cbed05b3aea83d7f9f3,FISHING3,2021-07-25_14h47.00.192,3.0,1.0
754,right,3.5189999999999997,right,0.7004,60fd2cbed05b3aea83d7f9f3,RANDOMMECH4,2021-07-25_14h47.00.192,4.0,1.0
755,right,10.0514,left,0.6173,60fd2cbed05b3aea83d7f9f3,SCARING5,2021-07-25_14h47.00.192,5.0,-1.0
756,left,6.2854,left,1.3182,60fd2cbed05b3aea83d7f9f3,SEDUCINGB6,2021-07-25_14h47.00.192,6.0,1.0
757,right,5.6891,right,0.3299,60fd2cbed05b3aea83d7f9f3,STARA7,2021-07-25_14h47.00.192,7.0,1.0
758,left,6.5695,left,0.9342,60fd2cbed05b3aea83d7f9f3,SURPRISINGB8,2021-07-25_14h47.00.192,8.0,1.0
759,right,3.7688,right,1.1529,60fd2cbed05b3aea83d7f9f3,TENNISA9,2021-07-25_14h47.00.192,9.0,1.0
760,left,2.187,left,0.4899,60fd5c63e54a41a046c836a0,COAXINGB0,2021-07-25_09h51.30.176,0.0,1.0
761,right,3.1935,right,0.2062,60fd5c63e54a41a046c836a0,BILLIARDA1,2021-07-25_09h51.30.176,1.0,1.0
762,right,2.7183,right,0.1779,60fd5c63e54a41a046c836a0,DRIFTINGA2,2021-07-25_09h51.30.176,2.0,1.0
763,left,3.1927,left,0.2724,60fd5c63e54a41a046c836a0,FISHING3,2021-07-25_09h51.30.176,3.0,1.0
764,right,4.6272,left,0.4976,60fd5c63e54a41a046c836a0,RANDOMMECH4,2021-07-25_09h51.30.176,4.0,-1.0
765,left,2.2497,left,0.6716,60fd5c63e54a41a046c836a0,SCARING5,2021-07-25_09h51.30.176,5.0,1.0
766,left,2.1737,left,0.5665,60fd5c63e54a41a046c836a0,SEDUCINGB6,2021-07-25_09h51.30.176,6.0,1.0
767,left,2.5202,right,0.2484,60fd5c63e54a41a046c836a0,STARA7,2021-07-25_09h51.30.176,7.0,-1.0
768,left,1.4181,left,0.4936,60fd5c63e54a41a046c836a0,SURPRISINGB8,2021-07-25_09h51.30.176,8.0,1.0
769,right,1.5811,right,0.4172,60fd5c63e54a41a046c836a0,TENNISA9,2021-07-25_09h51.30.176,9.0,1.0
770,left,1.7530000000000001,left,0.6705,60fc9f8c4081667856cf4233,COAXINGB0,2021-07-25_14h56.14.715,0.0,1.0
771,right,1.8411,right,0.4437,60fc9f8c4081667856cf4233,BILLIARDA1,2021-07-25_14h56.14.715,1.0,1.0
772,right,2.574,right,0.4983,60fc9f8c4081667856cf4233,DRIFTINGA2,2021-07-25_14h56.14.715,2.0,1.0
773,left,4.7139,left,1.3101,60fc9f8c4081667856cf4233,FISHING3,2021-07-25_14h56.14.715,3.0,1.0
774,right,3.9536,right,0.3857,60fc9f8c4081667856cf4233,RANDOMMECH4,2021-07-25_14h56.14.715,4.0,1.0
775,left,12.0969,left,0.5613,60fc9f8c4081667856cf4233,SCARING5,2021-07-25_14h56.14.715,5.0,1.0
776,left,1.0539,left,0.3664,60fc9f8c4081667856cf4233,SEDUCINGB6,2021-07-25_14h56.14.715,6.0,1.0
777,right,4.4873,right,0.37799999999999995,60fc9f8c4081667856cf4233,STARA7,2021-07-25_14h56.14.715,7.0,1.0
778,left,1.9352,left,0.5064,60fc9f8c4081667856cf4233,SURPRISINGB8,2021-07-25_14h56.14.715,8.0,1.0
779,right,5.8063,right,0.3933,60fc9f8c4081667856cf4233,TENNISA9,2021-07-25_14h56.14.715,9.0,1.0
780,left,3.1213,left,1.0528,60fd5c60c1089aa7131fa0ed,COAXINGB0,2021-07-25_14h56.33.928,0.0,1.0
781,right,2.7579,right,0.8027,60fd5c60c1089aa7131fa0ed,BILLIARDA1,2021-07-25_14h56.33.928,1.0,1.0
782,right,4.7635,right,0.9751,60fd5c60c1089aa7131fa0ed,DRIFTINGA2,2021-07-25_14h56.33.928,2.0,1.0
783,left,9.5463,left,2.8138,60fd5c60c1089aa7131fa0ed,FISHING3,2021-07-25_14h56.33.928,3.0,1.0
784,right,7.7303,right,2.0632,60fd5c60c1089aa7131fa0ed,RANDOMMECH4,2021-07-25_14h56.33.928,4.0,1.0
785,left,3.8457,left,1.1923,60fd5c60c1089aa7131fa0ed,SCARING5,2021-07-25_14h56.33.928,5.0,1.0
786,left,5.2679,left,1.7031,60fd5c60c1089aa7131fa0ed,SEDUCINGB6,2021-07-25_14h56.33.928,6.0,1.0
787,right,2.3318,right,2.0376,60fd5c60c1089aa7131fa0ed,STARA7,2021-07-25_14h56.33.928,7.0,1.0
788,left,5.557,,,60fd5c60c1089aa7131fa0ed,SURPRISINGB8,2021-07-25_14h56.33.928,8.0,0.0
789,right,1.9135,left,1.1056,60fd5c60c1089aa7131fa0ed,TENNISA9,2021-07-25_14h56.33.928,9.0,-1.0
790,left,6.5188,,,60fd5fa4631e061f7a6a7bfd,COAXINGB0,2021-07-25_09h41.35.662,0.0,0.0
791,right,2.9217,right,0.4743,60fd5fa4631e061f7a6a7bfd,BILLIARDA1,2021-07-25_09h41.35.662,1.0,1.0
792,right,2.0293,right,0.8714,60fd5fa4631e061f7a6a7bfd,DRIFTINGA2,2021-07-25_09h41.35.662,2.0,1.0
793,left,5.4724,left,0.4887,60fd5fa4631e061f7a6a7bfd,FISHING3,2021-07-25_09h41.35.662,3.0,1.0
794,right,3.4719,right,0.35700000000000004,60fd5fa4631e061f7a6a7bfd,RANDOMMECH4,2021-07-25_09h41.35.662,4.0,1.0
795,left,7.5713,left,0.4072,60fd5fa4631e061f7a6a7bfd,SCARING5,2021-07-25_09h41.35.662,5.0,1.0
796,left,3.3067,left,2.19,60fd5fa4631e061f7a6a7bfd,SEDUCINGB6,2021-07-25_09h41.35.662,6.0,1.0
797,right,3.9318,right,1.2227,60fd5fa4631e061f7a6a7bfd,STARA7,2021-07-25_09h41.35.662,7.0,1.0
798,left,3.6456,left,1.2508,60fd5fa4631e061f7a6a7bfd,SURPRISINGB8,2021-07-25_09h41.35.662,8.0,1.0
799,right,3.7909,right,1.2725,60fd5fa4631e061f7a6a7bfd,TENNISA9,2021-07-25_09h41.35.662,9.0,1.0
800,left,6.6337,left,1.7590000000000001,60fd27be5f15237c6d800688,COAXINGB0,2021-07-25_14h55.33.922,0.0,1.0
801,right,2.1961,right,1.7681,60fd27be5f15237c6d800688,BILLIARDA1,2021-07-25_14h55.33.922,1.0,1.0
802,right,6.0637,down,1.1094,60fd27be5f15237c6d800688,DRIFTINGA2,2021-07-25_14h55.33.922,2.0,0.5
803,left,10.4477,left,1.9078,60fd27be5f15237c6d800688,FISHING3,2021-07-25_14h55.33.922,3.0,1.0
804,right,2.8110000000000004,right,1.8052,60fd27be5f15237c6d800688,RANDOMMECH4,2021-07-25_14h55.33.922,4.0,1.0
805,left,13.1422,left,1.2912,60fd27be5f15237c6d800688,SCARING5,2021-07-25_14h55.33.922,5.0,1.0
806,left,6.7253,left,1.1912,60fd27be5f15237c6d800688,SEDUCINGB6,2021-07-25_14h55.33.922,6.0,1.0
807,right,5.4995,right,1.6177,60fd27be5f15237c6d800688,STARA7,2021-07-25_14h55.33.922,7.0,1.0
808,left,7.0457,left,1.0033,60fd27be5f15237c6d800688,SURPRISINGB8,2021-07-25_14h55.33.922,8.0,1.0
809,right,3.6437,down,1.1508,60fd27be5f15237c6d800688,TENNISA9,2021-07-25_14h55.33.922,9.0,0.5
810,left,3.1932,left,0.5670000000000001,60fd4a5e9a61c5417d690b8c,COAXINGB0,2021-07-25_14h55.51.527,0.0,1.0
811,right,2.4709,right,0.4561,60fd4a5e9a61c5417d690b8c,BILLIARDA1,2021-07-25_14h55.51.527,1.0,1.0
812,right,2.0998,right,0.4102,60fd4a5e9a61c5417d690b8c,DRIFTINGA2,2021-07-25_14h55.51.527,2.0,1.0
813,left,6.7518,left,1.1037,60fd4a5e9a61c5417d690b8c,FISHING3,2021-07-25_14h55.51.527,3.0,1.0
814,right,7.7684,right,0.5339,60fd4a5e9a61c5417d690b8c,RANDOMMECH4,2021-07-25_14h55.51.527,4.0,1.0
815,left,7.6717,left,0.9237,60fd4a5e9a61c5417d690b8c,SCARING5,2021-07-25_14h55.51.527,5.0,1.0
816,left,5.8523,left,0.6361,60fd4a5e9a61c5417d690b8c,SEDUCINGB6,2021-07-25_14h55.51.527,6.0,1.0
817,right,5.6519,right,0.584,60fd4a5e9a61c5417d690b8c,STARA7,2021-07-25_14h55.51.527,7.0,1.0
818,left,6.7087,left,0.6227,60fd4a5e9a61c5417d690b8c,SURPRISINGB8,2021-07-25_14h55.51.527,8.0,1.0
819,right,5.7367,right,0.6471,60fd4a5e9a61c5417d690b8c,TENNISA9,2021-07-25_14h55.51.527,9.0,1.0
820,left,4.124,left,2.525,60fcd9d6041972c60a72b7fb,COAXINGB0,2021-07-25_15h09.24.543,0.0,1.0
821,right,5.136,right,0.6940000000000001,60fcd9d6041972c60a72b7fb,BILLIARDA1,2021-07-25_15h09.24.543,1.0,1.0
822,right,5.914,right,1.0270000000000001,60fcd9d6041972c60a72b7fb,DRIFTINGA2,2021-07-25_15h09.24.543,2.0,1.0
823,left,13.332,left,0.6779999999999999,60fcd9d6041972c60a72b7fb,FISHING3,2021-07-25_15h09.24.543,3.0,1.0
824,right,3.035,left,0.428,60fcd9d6041972c60a72b7fb,RANDOMMECH4,2021-07-25_15h09.24.543,4.0,-1.0
825,right,6.734,left,0.425,60fcd9d6041972c60a72b7fb,SCARING5,2021-07-25_15h09.24.543,5.0,-1.0
826,left,7.06,left,0.585,60fcd9d6041972c60a72b7fb,SEDUCINGB6,2021-07-25_15h09.24.543,6.0,1.0
827,right,3.7119999999999997,right,0.833,60fcd9d6041972c60a72b7fb,STARA7,2021-07-25_15h09.24.543,7.0,1.0
828,left,5.796,left,1.514,60fcd9d6041972c60a72b7fb,SURPRISINGB8,2021-07-25_15h09.24.543,8.0,1.0
829,right,3.58,right,0.619,60fcd9d6041972c60a72b7fb,TENNISA9,2021-07-25_15h09.24.543,9.0,1.0
830,left,2.627,left,0.8370000000000001,60fd3d46afbe02d3da7d8384,COAXINGB0,2021-07-25_14h51.16.202,0.0,1.0
831,right,3.3939999999999997,right,0.536,60fd3d46afbe02d3da7d8384,BILLIARDA1,2021-07-25_14h51.16.202,1.0,1.0
832,right,2.418,right,0.903,60fd3d46afbe02d3da7d8384,DRIFTINGA2,2021-07-25_14h51.16.202,2.0,1.0
833,left,9.175,,,60fd3d46afbe02d3da7d8384,FISHING3,2021-07-25_14h51.16.202,3.0,0.0
834,right,3.095,left,0.486,60fd3d46afbe02d3da7d8384,RANDOMMECH4,2021-07-25_14h51.16.202,4.0,-1.0
835,left,16.374000000000002,left,0.621,60fd3d46afbe02d3da7d8384,SCARING5,2021-07-25_14h51.16.202,5.0,1.0
836,left,3.792,left,0.40299999999999997,60fd3d46afbe02d3da7d8384,SEDUCINGB6,2021-07-25_14h51.16.202,6.0,1.0
837,right,5.13,right,0.37799999999999995,60fd3d46afbe02d3da7d8384,STARA7,2021-07-25_14h51.16.202,7.0,1.0
838,left,6.53,left,0.406,60fd3d46afbe02d3da7d8384,SURPRISINGB8,2021-07-25_14h51.16.202,8.0,1.0
839,right,3.194,right,0.488,60fd3d46afbe02d3da7d8384,TENNISA9,2021-07-25_14h51.16.202,9.0,1.0
840,left,3.1806,left,0.5197,60fd60e7587e4f2e860338b4,COAXINGB0,2021-07-25_08h41.11.499,0.0,1.0
841,right,1.535,right,1.7673,60fd60e7587e4f2e860338b4,BILLIARDA1,2021-07-25_08h41.11.499,1.0,1.0
842,right,2.8783,right,1.3078,60fd60e7587e4f2e860338b4,DRIFTINGA2,2021-07-25_08h41.11.499,2.0,1.0
843,left,3.1183,left,1.1218,60fd60e7587e4f2e860338b4,FISHING3,2021-07-25_08h41.11.499,3.0,1.0
844,right,1.5862,right,1.2563,60fd60e7587e4f2e860338b4,RANDOMMECH4,2021-07-25_08h41.11.499,4.0,1.0
845,left,3.8351,left,0.7381,60fd60e7587e4f2e860338b4,SCARING5,2021-07-25_08h41.11.499,5.0,1.0
846,left,2.3105,left,0.4983,60fd60e7587e4f2e860338b4,SEDUCINGB6,2021-07-25_08h41.11.499,6.0,1.0
847,right,2.963,down,0.7797,60fd60e7587e4f2e860338b4,STARA7,2021-07-25_08h41.11.499,7.0,0.5
848,left,4.5053,left,1.1893,60fd60e7587e4f2e860338b4,SURPRISINGB8,2021-07-25_08h41.11.499,8.0,1.0
849,right,1.7741,right,0.8678,60fd60e7587e4f2e860338b4,TENNISA9,2021-07-25_08h41.11.499,9.0,1.0
850,left,7.3146,left,1.0226,60fd5df9c3d576696c529de4,COAXINGB0,2021-07-25_08h40.54.893,0.0,1.0
851,right,5.8764,right,1.597,60fd5df9c3d576696c529de4,BILLIARDA1,2021-07-25_08h40.54.893,1.0,1.0
852,right,7.449,right,0.8232,60fd5df9c3d576696c529de4,DRIFTINGA2,2021-07-25_08h40.54.893,2.0,1.0
853,left,13.6992,left,1.4022,60fd5df9c3d576696c529de4,FISHING3,2021-07-25_08h40.54.893,3.0,1.0
854,right,7.2094,right,0.8588,60fd5df9c3d576696c529de4,RANDOMMECH4,2021-07-25_08h40.54.893,4.0,1.0
855,left,11.6932,left,0.9587,60fd5df9c3d576696c529de4,SCARING5,2021-07-25_08h40.54.893,5.0,1.0
856,left,5.1248,left,1.3698,60fd5df9c3d576696c529de4,SEDUCINGB6,2021-07-25_08h40.54.893,6.0,1.0
857,right,6.2136,right,1.0587,60fd5df9c3d576696c529de4,STARA7,2021-07-25_08h40.54.893,7.0,1.0
858,left,14.2912,left,0.7916,60fd5df9c3d576696c529de4,SURPRISINGB8,2021-07-25_08h40.54.893,8.0,1.0
859,right,4.3838,right,1.1754,60fd5df9c3d576696c529de4,TENNISA9,2021-07-25_08h40.54.893,9.0,1.0
860,left,2.4637,left,0.336,60fcca244ebd34d56140008a,COAXINGB0,2021-07-25_09h37.43.110,0.0,1.0
861,right,5.6494,right,0.3683,60fcca244ebd34d56140008a,BILLIARDA1,2021-07-25_09h37.43.110,1.0,1.0
862,right,9.6231,right,0.4693,60fcca244ebd34d56140008a,DRIFTINGA2,2021-07-25_09h37.43.110,2.0,1.0
863,left,16.0692,left,0.6786,60fcca244ebd34d56140008a,FISHING3,2021-07-25_09h37.43.110,3.0,1.0
864,right,10.2832,right,0.435,60fcca244ebd34d56140008a,RANDOMMECH4,2021-07-25_09h37.43.110,4.0,1.0
865,left,17.2199,left,1.0006,60fcca244ebd34d56140008a,SCARING5,2021-07-25_09h37.43.110,5.0,1.0
866,left,5.8683,left,0.4649,60fcca244ebd34d56140008a,SEDUCINGB6,2021-07-25_09h37.43.110,6.0,1.0
867,right,10.7263,right,0.6045,60fcca244ebd34d56140008a,STARA7,2021-07-25_09h37.43.110,7.0,1.0
868,left,6.7838,left,0.5683,60fcca244ebd34d56140008a,SURPRISINGB8,2021-07-25_09h37.43.110,8.0,1.0
869,right,4.8018,right,0.4346,60fcca244ebd34d56140008a,TENNISA9,2021-07-25_09h37.43.110,9.0,1.0
870,left,4.9876,left,0.7685,60fd388aed8f3ba6963a1261,COAXINGB0,2021-07-25_14h49.27.706,0.0,1.0
871,right,2.642,right,1.0367,60fd388aed8f3ba6963a1261,BILLIARDA1,2021-07-25_14h49.27.706,1.0,1.0
872,right,3.7738,right,0.4794,60fd388aed8f3ba6963a1261,DRIFTINGA2,2021-07-25_14h49.27.706,2.0,1.0
873,left,4.604,left,0.7412,60fd388aed8f3ba6963a1261,FISHING3,2021-07-25_14h49.27.706,3.0,1.0
874,right,2.1703,right,0.5178,60fd388aed8f3ba6963a1261,RANDOMMECH4,2021-07-25_14h49.27.706,4.0,1.0
875,left,16.4563,left,0.7911,60fd388aed8f3ba6963a1261,SCARING5,2021-07-25_14h49.27.706,5.0,1.0
876,left,3.1926,left,0.5448,60fd388aed8f3ba6963a1261,SEDUCINGB6,2021-07-25_14h49.27.706,6.0,1.0
877,right,1.8387,right,0.8675,60fd388aed8f3ba6963a1261,STARA7,2021-07-25_14h49.27.706,7.0,1.0
878,left,2.8253,left,1.1186,60fd388aed8f3ba6963a1261,SURPRISINGB8,2021-07-25_14h49.27.706,8.0,1.0
879,right,3.2261,right,0.5135,60fd388aed8f3ba6963a1261,TENNISA9,2021-07-25_14h49.27.706,9.0,1.0
880,left,3.2286,left,0.4844,60fd4baa931f6125289c260a,COAXINGB0,2021-07-25_14h51.07.574,0.0,1.0
881,right,9.1834,down,0.5223,60fd4baa931f6125289c260a,BILLIARDA1,2021-07-25_14h51.07.574,1.0,0.5
882,left,11.2715,left,0.4812,60fd4baa931f6125289c260a,DRIFTINGA2,2021-07-25_14h51.07.574,2.0,1.0
883,left,14.8481,left,1.3025,60fd4baa931f6125289c260a,FISHING3,2021-07-25_14h51.07.574,3.0,1.0
884,right,12.3491,left,0.3463,60fd4baa931f6125289c260a,RANDOMMECH4,2021-07-25_14h51.07.574,4.0,-1.0
885,left,14.3145,left,0.6842,60fd4baa931f6125289c260a,SCARING5,2021-07-25_14h51.07.574,5.0,1.0
886,left,7.7421,left,0.3417,60fd4baa931f6125289c260a,SEDUCINGB6,2021-07-25_14h51.07.574,6.0,1.0
887,right,4.5778,right,0.5455,60fd4baa931f6125289c260a,STARA7,2021-07-25_14h51.07.574,7.0,1.0
888,left,6.765,left,0.4684,60fd4baa931f6125289c260a,SURPRISINGB8,2021-07-25_14h51.07.574,8.0,1.0
889,right,6.829,left,0.8977,60fd4baa931f6125289c260a,TENNISA9,2021-07-25_14h51.07.574,9.0,-1.0
890,left,4.7534,left,1.7694,60fd60eb3c6971a78e0d9ec5,COAXINGB0,2021-07-25_08h35.50.750,0.0,1.0
891,right,3.8676,right,1.9963,60fd60eb3c6971a78e0d9ec5,BILLIARDA1,2021-07-25_08h35.50.750,1.0,1.0
892,right,4.0761,right,1.084,60fd60eb3c6971a78e0d9ec5,DRIFTINGA2,2021-07-25_08h35.50.750,2.0,1.0
893,left,10.6152,left,1.2045,60fd60eb3c6971a78e0d9ec5,FISHING3,2021-07-25_08h35.50.750,3.0,1.0
894,right,7.4836,right,0.8989,60fd60eb3c6971a78e0d9ec5,RANDOMMECH4,2021-07-25_08h35.50.750,4.0,1.0
895,left,16.9238,left,0.654,60fd60eb3c6971a78e0d9ec5,SCARING5,2021-07-25_08h35.50.750,5.0,1.0
896,left,8.2671,left,0.5069,60fd60eb3c6971a78e0d9ec5,SEDUCINGB6,2021-07-25_08h35.50.750,6.0,1.0
897,right,5.1677,right,0.9847,60fd60eb3c6971a78e0d9ec5,STARA7,2021-07-25_08h35.50.750,7.0,1.0
898,left,6.7408,left,0.8363,60fd60eb3c6971a78e0d9ec5,SURPRISINGB8,2021-07-25_08h35.50.750,8.0,1.0
899,right,5.0278,right,1.1582,60fd60eb3c6971a78e0d9ec5,TENNISA9,2021-07-25_08h35.50.750,9.0,1.0
900,left,4.2524,left,0.8165,60fc7067259fa2cc43189b25,COAXINGB0,2021-07-25_14h53.03.623,0.0,1.0
901,right,4.1687,right,0.4077,60fc7067259fa2cc43189b25,BILLIARDA1,2021-07-25_14h53.03.623,1.0,1.0
902,right,5.2866,right,0.7206,60fc7067259fa2cc43189b25,DRIFTINGA2,2021-07-25_14h53.03.623,2.0,1.0
903,left,6.1058,left,1.6997,60fc7067259fa2cc43189b25,FISHING3,2021-07-25_14h53.03.623,3.0,1.0
904,right,5.1017,right,0.5734,60fc7067259fa2cc43189b25,RANDOMMECH4,2021-07-25_14h53.03.623,4.0,1.0
905,left,16.4416,left,0.6724,60fc7067259fa2cc43189b25,SCARING5,2021-07-25_14h53.03.623,5.0,1.0
906,left,4.6533,left,0.5842,60fc7067259fa2cc43189b25,SEDUCINGB6,2021-07-25_14h53.03.623,6.0,1.0
907,right,2.6567,right,0.5045,60fc7067259fa2cc43189b25,STARA7,2021-07-25_14h53.03.623,7.0,1.0
908,left,6.206,left,0.8504,60fc7067259fa2cc43189b25,SURPRISINGB8,2021-07-25_14h53.03.623,8.0,1.0
909,right,3.2866,right,0.5015,60fc7067259fa2cc43189b25,TENNISA9,2021-07-25_14h53.03.623,9.0,1.0
910,left,4.7672,left,1.0687,60fd415724ab7ffb7894f13d,COAXINGB0,2021-07-25_14h55.49.874,0.0,1.0
911,right,2.3191,right,0.5908,60fd415724ab7ffb7894f13d,BILLIARDA1,2021-07-25_14h55.49.874,1.0,1.0
912,right,5.3225,right,1.1853,60fd415724ab7ffb7894f13d,DRIFTINGA2,2021-07-25_14h55.49.874,2.0,1.0
913,left,5.9542,left,0.5335,60fd415724ab7ffb7894f13d,FISHING3,2021-07-25_14h55.49.874,3.0,1.0
914,right,8.7927,right,0.871,60fd415724ab7ffb7894f13d,RANDOMMECH4,2021-07-25_14h55.49.874,4.0,1.0
915,right,9.8772,left,1.0354,60fd415724ab7ffb7894f13d,SCARING5,2021-07-25_14h55.49.874,5.0,-1.0
916,left,6.9231,left,0.4212,60fd415724ab7ffb7894f13d,SEDUCINGB6,2021-07-25_14h55.49.874,6.0,1.0
917,right,4.1389,right,0.3518,60fd415724ab7ffb7894f13d,STARA7,2021-07-25_14h55.49.874,7.0,1.0
918,left,6.5184,left,0.5046,60fd415724ab7ffb7894f13d,SURPRISINGB8,2021-07-25_14h55.49.874,8.0,1.0
919,right,3.6036,down,0.5529,60fd415724ab7ffb7894f13d,TENNISA9,2021-07-25_14h55.49.874,9.0,0.5
920,left,7.961,left,0.9129999999999999,60fd62a933a73547fab187de,COAXINGB0,2021-07-25_09h53.03.485,0.0,1.0
921,right,10.067,right,0.611,60fd62a933a73547fab187de,BILLIARDA1,2021-07-25_09h53.03.485,1.0,1.0
922,right,9.431000000000001,right,0.89,60fd62a933a73547fab187de,DRIFTINGA2,2021-07-25_09h53.03.485,2.0,1.0
924,right,6.9639999999999995,right,2.031,60fd62a933a73547fab187de,RANDOMMECH4,2021-07-25_09h53.03.485,4.0,1.0
925,left,10.035,left,1.524,60fd62a933a73547fab187de,SCARING5,2021-07-25_09h53.03.485,5.0,1.0
926,left,7.027,left,0.6659999999999999,60fd62a933a73547fab187de,SEDUCINGB6,2021-07-25_09h53.03.485,6.0,1.0
927,right,8.94,right,0.784,60fd62a933a73547fab187de,STARA7,2021-07-25_09h53.03.485,7.0,1.0
928,left,6.386,left,1.062,60fd62a933a73547fab187de,SURPRISINGB8,2021-07-25_09h53.03.485,8.0,1.0
929,right,7.104,right,0.434,60fd62a933a73547fab187de,TENNISA9,2021-07-25_09h53.03.485,9.0,1.0
930,left,2.86,left,0.349,60fd5cbb441ae33913200fca,COAXINGB0,2021-07-25_14h42.40.825,0.0,1.0
931,right,3.2939999999999996,right,0.177,60fd5cbb441ae33913200fca,BILLIARDA1,2021-07-25_14h42.40.825,1.0,1.0
932,right,3.9160000000000004,right,0.8590000000000001,60fd5cbb441ae33913200fca,DRIFTINGA2,2021-07-25_14h42.40.825,2.0,1.0
933,left,7.434,left,0.47700000000000004,60fd5cbb441ae33913200fca,FISHING3,2021-07-25_14h42.40.825,3.0,1.0
934,right,3.074,right,0.405,60fd5cbb441ae33913200fca,RANDOMMECH4,2021-07-25_14h42.40.825,4.0,1.0
935,left,7.776,left,0.7509999999999999,60fd5cbb441ae33913200fca,SCARING5,2021-07-25_14h42.40.825,5.0,1.0
936,left,2.673,left,0.7,60fd5cbb441ae33913200fca,SEDUCINGB6,2021-07-25_14h42.40.825,6.0,1.0
937,right,2.5269999999999997,right,0.667,60fd5cbb441ae33913200fca,STARA7,2021-07-25_14h42.40.825,7.0,1.0
938,left,2.734,left,0.583,60fd5cbb441ae33913200fca,SURPRISINGB8,2021-07-25_14h42.40.825,8.0,1.0
939,right,3.069,right,0.65,60fd5cbb441ae33913200fca,TENNISA9,2021-07-25_14h42.40.825,9.0,1.0
950,left,2.477,down,1.8075,5b7d70ff1e35f000017319e5,COAXINGB0,2021-07-25_14h54.35.263,0.0,0.5
951,right,7.0971,right,2.5142,5b7d70ff1e35f000017319e5,BILLIARDA1,2021-07-25_14h54.35.263,1.0,1.0
952,right,8.9648,right,2.6698,5b7d70ff1e35f000017319e5,DRIFTINGA2,2021-07-25_14h54.35.263,2.0,1.0
953,right,19.1442,right,1.3852,5b7d70ff1e35f000017319e5,FISHING3,2021-07-25_14h54.35.263,3.0,1.0
954,left,16.0108,left,1.7829,5b7d70ff1e35f000017319e5,RANDOMMECH4,2021-07-25_14h54.35.263,4.0,1.0
955,right,8.2645,right,1.1343,5b7d70ff1e35f000017319e5,SCARING5,2021-07-25_14h54.35.263,5.0,1.0
956,left,2.9133,left,0.9961,5b7d70ff1e35f000017319e5,SEDUCINGB6,2021-07-25_14h54.35.263,6.0,1.0
957,right,8.942,right,0.7190000000000001,5b7d70ff1e35f000017319e5,STARA7,2021-07-25_14h54.35.263,7.0,1.0
958,right,7.55,left,0.6304,5b7d70ff1e35f000017319e5,SURPRISINGB8,2021-07-25_14h54.35.263,8.0,-1.0
959,right,17.8154,right,0.9228,5b7d70ff1e35f000017319e5,TENNISA9,2021-07-25_14h54.35.263,9.0,1.0
960,left,3.3789999999999996,left,0.603,60fd07c5ae9a10d5840b2eef,COAXINGB0,2021-07-25_06h52.13.337,0.0,1.0
961,right,3.699,right,0.536,60fd07c5ae9a10d5840b2eef,BILLIARDA1,2021-07-25_06h52.13.337,1.0,1.0
962,right,5.3,right,0.888,60fd07c5ae9a10d5840b2eef,DRIFTINGA2,2021-07-25_06h52.13.337,2.0,1.0
963,left,8.267999999999999,left,0.687,60fd07c5ae9a10d5840b2eef,FISHING3,2021-07-25_06h52.13.337,3.0,1.0
964,left,13.030999999999999,left,0.741,60fd07c5ae9a10d5840b2eef,RANDOMMECH4,2021-07-25_06h52.13.337,4.0,1.0
965,left,16.333,left,0.991,60fd07c5ae9a10d5840b2eef,SCARING5,2021-07-25_06h52.13.337,5.0,1.0
966,left,5.33,left,0.633,60fd07c5ae9a10d5840b2eef,SEDUCINGB6,2021-07-25_06h52.13.337,6.0,1.0
967,right,6.757999999999999,right,0.701,60fd07c5ae9a10d5840b2eef,STARA7,2021-07-25_06h52.13.337,7.0,1.0
968,left,7.803999999999999,left,0.684,60fd07c5ae9a10d5840b2eef,SURPRISINGB8,2021-07-25_06h52.13.337,8.0,1.0
969,left,16.709,down,1.197,60fd07c5ae9a10d5840b2eef,TENNISA9,2021-07-25_06h52.13.337,9.0,0.5
970,left,5.2504,left,1.001,60fca6fcaae0897c708e0390,COAXINGB0,2021-07-25_09h51.36.290,0.0,1.0
971,right,5.7245,right,1.0356,60fca6fcaae0897c708e0390,BILLIARDA1,2021-07-25_09h51.36.290,1.0,1.0
972,right,10.8431,right,0.6201,60fca6fcaae0897c708e0390,DRIFTINGA2,2021-07-25_09h51.36.290,2.0,1.0
973,left,11.0251,left,0.8931,60fca6fcaae0897c708e0390,FISHING3,2021-07-25_09h51.36.290,3.0,1.0
974,right,14.494000000000002,right,1.2722,60fca6fcaae0897c708e0390,RANDOMMECH4,2021-07-25_09h51.36.290,4.0,1.0
975,left,12.91,left,0.5533,60fca6fcaae0897c708e0390,SCARING5,2021-07-25_09h51.36.290,5.0,1.0
976,left,6.4565,left,0.4015,60fca6fcaae0897c708e0390,SEDUCINGB6,2021-07-25_09h51.36.290,6.0,1.0
977,right,7.9911,right,1.32,60fca6fcaae0897c708e0390,STARA7,2021-07-25_09h51.36.290,7.0,1.0
978,left,7.7056,left,0.4694,60fca6fcaae0897c708e0390,SURPRISINGB8,2021-07-25_09h51.36.290,8.0,1.0
979,right,7.1263,right,1.1689,60fca6fcaae0897c708e0390,TENNISA9,2021-07-25_09h51.36.290,9.0,1.0
980,left,4.6432,left,0.3853,60fd58f89d037589c34f5a18,COAXINGB0,2021-07-25_14h55.23.086,0.0,1.0
981,right,4.0680000000000005,right,0.4169,60fd58f89d037589c34f5a18,BILLIARDA1,2021-07-25_14h55.23.086,1.0,1.0
982,right,9.2953,right,0.4215,60fd58f89d037589c34f5a18,DRIFTINGA2,2021-07-25_14h55.23.086,2.0,1.0
983,left,12.8269,left,0.7845,60fd58f89d037589c34f5a18,FISHING3,2021-07-25_14h55.23.086,3.0,1.0
984,right,11.6513,right,0.6843,60fd58f89d037589c34f5a18,RANDOMMECH4,2021-07-25_14h55.23.086,4.0,1.0
985,left,10.1975,left,0.7679,60fd58f89d037589c34f5a18,SCARING5,2021-07-25_14h55.23.086,5.0,1.0
986,left,7.8605,left,0.6179,60fd58f89d037589c34f5a18,SEDUCINGB6,2021-07-25_14h55.23.086,6.0,1.0
987,right,6.7764,right,0.45299999999999996,60fd58f89d037589c34f5a18,STARA7,2021-07-25_14h55.23.086,7.0,1.0
988,left,8.4959,left,1.0845,60fd58f89d037589c34f5a18,SURPRISINGB8,2021-07-25_14h55.23.086,8.0,1.0
989,right,9.0143,down,0.9173,60fd58f89d037589c34f5a18,TENNISA9,2021-07-25_14h55.23.086,9.0,0.5
990,left,8.1837,left,2.3605,60fc506aae18d45374e1e481,COAXINGB0,2021-07-25_14h57.00.228,0.0,1.0
991,right,7.1556,right,1.811,60fc506aae18d45374e1e481,BILLIARDA1,2021-07-25_14h57.00.228,1.0,1.0
992,right,7.7979,right,1.4771,60fc506aae18d45374e1e481,DRIFTINGA2,2021-07-25_14h57.00.228,2.0,1.0
993,left,13.1377,left,1.8218,60fc506aae18d45374e1e481,FISHING3,2021-07-25_14h57.00.228,3.0,1.0
994,right,7.9954,right,1.3134,60fc506aae18d45374e1e481,RANDOMMECH4,2021-07-25_14h57.00.228,4.0,1.0
995,left,19.1042,left,0.6102,60fc506aae18d45374e1e481,SCARING5,2021-07-25_14h57.00.228,5.0,1.0
996,left,8.5434,left,0.7793,60fc506aae18d45374e1e481,SEDUCINGB6,2021-07-25_14h57.00.228,6.0,1.0
997,right,5.6555,right,1.2935,60fc506aae18d45374e1e481,STARA7,2021-07-25_14h57.00.228,7.0,1.0
998,left,6.481,left,0.6013,60fc506aae18d45374e1e481,SURPRISINGB8,2021-07-25_14h57.00.228,8.0,1.0
999,right,4.859,right,0.6269,60fc506aae18d45374e1e481,TENNISA9,2021-07-25_14h57.00.228,9.0,1.0
1000,left,2.3728,left,0.4382,60fd4bfae91d4a88dc93a3ea,COAXINGB0,2021-07-25_14h45.48.361,0.0,1.0
1001,right,1.3925,right,0.3129,60fd4bfae91d4a88dc93a3ea,BILLIARDA1,2021-07-25_14h45.48.361,1.0,1.0
1002,right,4.4541,right,1.0351,60fd4bfae91d4a88dc93a3ea,DRIFTINGA2,2021-07-25_14h45.48.361,2.0,1.0
1003,left,4.6392,left,0.6016,60fd4bfae91d4a88dc93a3ea,FISHING3,2021-07-25_14h45.48.361,3.0,1.0
1004,right,3.0876,right,0.3112,60fd4bfae91d4a88dc93a3ea,RANDOMMECH4,2021-07-25_14h45.48.361,4.0,1.0
1005,right,6.4270000000000005,left,0.3694,60fd4bfae91d4a88dc93a3ea,SCARING5,2021-07-25_14h45.48.361,5.0,-1.0
1006,left,2.3883,left,0.4258,60fd4bfae91d4a88dc93a3ea,SEDUCINGB6,2021-07-25_14h45.48.361,6.0,1.0
1007,right,2.3801,right,0.4216,60fd4bfae91d4a88dc93a3ea,STARA7,2021-07-25_14h45.48.361,7.0,1.0
1008,left,2.4868,left,0.5179,60fd4bfae91d4a88dc93a3ea,SURPRISINGB8,2021-07-25_14h45.48.361,8.0,1.0
1009,right,2.3874,left,0.3734,60fd4bfae91d4a88dc93a3ea,TENNISA9,2021-07-25_14h45.48.361,9.0,-1.0
1010,right,0.1908,left,1.3016,60fd20e2fcd0da955a2b7b3c,COAXINGB0,2021-07-25_16h57.42.386,0.0,-1.0
1011,right,12.8492,,,60fd20e2fcd0da955a2b7b3c,BILLIARDA1,2021-07-25_16h57.42.386,1.0,0.0
1012,left,11.0946,left,0.9667,60fd20e2fcd0da955a2b7b3c,DRIFTINGA2,2021-07-25_16h57.42.386,2.0,1.0
1013,left,3.5944,left,1.024,60fd20e2fcd0da955a2b7b3c,FISHING3,2021-07-25_16h57.42.386,3.0,1.0
1014,right,11.2737,right,0.642,60fd20e2fcd0da955a2b7b3c,RANDOMMECH4,2021-07-25_16h57.42.386,4.0,1.0
1015,left,7.7407,left,0.6961,60fd20e2fcd0da955a2b7b3c,SCARING5,2021-07-25_16h57.42.386,5.0,1.0
1016,left,4.9845,left,0.5743,60fd20e2fcd0da955a2b7b3c,SEDUCINGB6,2021-07-25_16h57.42.386,6.0,1.0
1017,left,4.8256,,,60fd20e2fcd0da955a2b7b3c,STARA7,2021-07-25_16h57.42.386,7.0,0.0
1018,left,0.6884,left,1.4177,60fd20e2fcd0da955a2b7b3c,SURPRISINGB8,2021-07-25_16h57.42.386,8.0,1.0
1019,left,4.3912,left,1.0689,60fd20e2fcd0da955a2b7b3c,TENNISA9,2021-07-25_16h57.42.386,9.0,1.0
